Ingrediente Buscado;Produto Encontrado;Preço (R$);Unidade;Mercado;Link;Data da Coleta
"arroz";"Arroz Saboroso Tipo 1 1kgcionar";3,20;1kg;Tenda Atacado;https://www.tendaatacado.com.br/produto/arroz-saboroso-tipo-1-1kg;2026-03-22 23:31:11
"arroz";"Arroz Tarumã 1kgcionar";3,29;1kg;Tenda Atacado;https://www.tendaatacado.com.br/produto/arroz-taruma-1kg;2026-03-22 23:31:11
"arroz";"Arroz Solito Agulhinha Tipo 1 1kg";3,39;1kg;Atacadão;https://www.atacadao.com.br/arroz-solito-agulhinha-tipo-1-5358-50731/p;2026-03-22 23:31:11
"arroz";"Arroz Namorado Agulhinha Tipo 1 1kg";3,50;1kg;Atacadão;https://www.atacadao.com.br/arroz-namorado-agulhinha-tipo-1-28973-14450/p;2026-03-22 23:31:11
"arroz";"Arroz Tipo 1 Solito 1Kgcionar";3,60;1kg;Tenda Atacado;https://www.tendaatacado.com.br/produto/arroz-tipo-1-solito-1kg;2026-03-22 23:31:11
"arroz";"Arroz Tipo 1 Namorado 1Kgpartir de 2 unidadesregras";3,79;1kg;Tenda Atacado;https://www.tendaatacado.com.br/produto/arroz-tipo-1-namorado-1kg-23123;2026-03-22 23:31:11
"arroz";"Arroz Branco Camil Tipo 1 1kgpartir de 2 unidadesregras";3,89;1kg;Tenda Atacado;https://www.tendaatacado.com.br/produto/arroz-branco-camil-tipo-1-1kg;2026-03-22 23:31:11
"arroz";"Arroz Tipo 1 Fantástico 1Kgcionar";3,95;1kg;Tenda Atacado;https://www.tendaatacado.com.br/produto/arroz-tipo-1-fantastico-1kg-22675;2026-03-22 23:31:11
"arroz";"Mingau Alcafood Arroz 200g";3,99;200g;Spani Atacadista;https://www.spanionline.com.br/produto/7745/mingau-alcafood-arroz-200g;2026-03-22 23:31:11
"arroz";"Arroz Tipo 1 Palmares Plus 1kg";4,49;1kg;Spani Atacadista;https://www.spanionline.com.br/produto/3040/arroz-tipo-1-palmares-plus-1kg;2026-03-22 23:31:11
"arroz";"Arroz Tipo 1 Raroz 1kg";4,79;1kg;Spani Atacadista;https://www.spanionline.com.br/produto/3053/arroz-tipo-1-raroz-1kg;2026-03-22 23:31:11
"arroz";"Arroz Camil Integral 1kg";4,80;1kg;Atacadão;https://www.atacadao.com.br/arroz-camil-integral-pacote-com-1kg-3372-13757/p;2026-03-22 23:31:11
"arroz";"Arroz Integral Tio João Tipo 1 1kg";4,98;1kg;Atacadão;https://www.atacadao.com.br/arroz-integral-tio-joao-tipo-1-46814-14243/p;2026-03-22 23:31:11
"arroz";"Arroz Tipo 1 Fantástico Premium 1kg";4,99;1kg;Spani Atacadista;https://www.spanionline.com.br/produto/3031/arroz-tipo-1-fantastico-premium-1kg;2026-03-22 23:31:11
"arroz";"Produto indisponível Arroz Tipo 1 Solito 5kg";4,99;5kg;Spani Atacadista;https://www.spanionline.com.br/produto/3058/arroz-tipo-1-solito-5kg;2026-03-22 23:31:11
"arroz";"Produto indisponível Ração Baw Waw P/cães Carne/frango/arroz 5kg Adulto";4,99;5kg;Spani Atacadista;https://www.spanionline.com.br/produto/9949/racao-baw-waw-pcaes-carnefrangoarroz-5kg-adulto;2026-03-22 23:31:11
"arroz";"Produto indisponível Ração P/cães Baw Waw Carne/frango/arroz 5kg Adulto";4,99;5kg;Spani Atacadista;https://www.spanionline.com.br/produto/9948/racao-pcaes-baw-waw-carnefrangoarroz-5kg-adulto;2026-03-22 23:31:11
"arroz";"Produto indisponível Ração P/cães Baw Waw Carne/frango/arroz 5kg Filhote";4,99;5kg;Spani Atacadista;https://www.spanionline.com.br/produto/9947/racao-pcaes-baw-waw-carnefrangoarroz-5kg-filhote;2026-03-22 23:31:11
"arroz";"Produto indisponível Ração Baw Waw Carne/frango/arroz P/ Cães 10,1kg Adulto";4,99;1kg;Spani Atacadista;https://www.spanionline.com.br/produto/9940/racao-baw-waw-carnefrangoarroz-p-caes-101kg-adulto;2026-03-22 23:31:11
"arroz";"Produto indisponível Ração Baw Waw P/ Cães Carne/frango/arroz 10,1kg Adulto";4,99;1kg;Spani Atacadista;https://www.spanionline.com.br/produto/9939/racao-baw-waw-p-caes-carnefrangoarroz-101kg-adulto;2026-03-22 23:31:11
"arroz";"Produto indisponível Ração P/ Cães Baw Waw Carne/frango/arroz 2,4kg Adulto Méd/gran";4,99;4kg;Spani Atacadista;https://www.spanionline.com.br/produto/9931/racao-p-caes-baw-waw-carnefrangoarroz-24kg-adulto-medgran;2026-03-22 23:31:11
"arroz";"Produto indisponível Ração P/ Cães Baw Waw Carne/frango/arroz 2,4kg Adulto Raças Pequenas";4,99;4kg;Spani Atacadista;https://www.spanionline.com.br/produto/9930/racao-p-caes-baw-waw-carnefrangoarroz-24kg-adulto-racas-pequenas;2026-03-22 23:31:11
"arroz";"Produto indisponível Ração Baw Waw Carne/frango/arroz P/ Cães 900g Adulto";4,99;900g;Spani Atacadista;https://www.spanionline.com.br/produto/9929/racao-baw-waw-carnefrangoarroz-p-caes-900g-adulto;2026-03-22 23:31:11
"arroz";"Produto indisponível Ração Baw Waw P/ Cães Carne/frango/arroz 900gr Adulto Senior";4,99;900g;Spani Atacadista;https://www.spanionline.com.br/produto/9926/racao-baw-waw-p-caes-carnefrangoarroz-900gr-adulto-senior;2026-03-22 23:31:11
"arroz";"Arroz Prato Fino Integral Tipo 1 1kg";5,29;1kg;Atacadão;https://www.atacadao.com.br/arroz-prato-fino-integral-tipo-1-39738-14666/p;2026-03-22 23:31:11
"arroz";"Arroz Parboilizado Tipo 1 Palmares Integral 1kg";5,49;1kg;Spani Atacadista;https://www.spanionline.com.br/produto/10960/arroz-parboilizado-tipo-1-palmares-integral-1kg;2026-03-22 23:31:11
"arroz";"Arroz Integral Albaruska 1kgcionar";5,49;1kg;Tenda Atacado;https://www.tendaatacado.com.br/produto/arroz-integral-albaruska-1kg-22633;2026-03-22 23:31:11
"arroz";"Arroz Albaruska Agulhinha Tipo 1 1kg";5,50;1kg;Atacadão;https://www.atacadao.com.br/arroz-albaruska-agulhinha-tipo-1-91060-40836/p;2026-03-22 23:31:11
"arroz";"Arroz Tio João Agulhinha - Tipo 1 1kg";5,90;1kg;Atacadão;https://www.atacadao.com.br/arroz-tio-joao-agulhinha---tipo-1-12158-15018/p;2026-03-22 23:31:11
"arroz";"Arroz Integral Camil 1kgpartir de 2 unidadesregras";6,09;1kg;Tenda Atacado;https://www.tendaatacado.com.br/produto/arroz-integral-camil-1kg-1647;2026-03-22 23:31:11
"arroz";"Vinagre Toscano 750ml Arroz";6,59;750ml;Spani Atacadista;https://www.spanionline.com.br/produto/3446/vinagre-toscano-750ml-arroz;2026-03-22 23:31:11
"arroz";"Arroz Tipo 1 Camil 2kgcionar";7,49;2kg;Tenda Atacado;https://www.tendaatacado.com.br/produto/arroz-tipo-1-camil-2kg;2026-03-22 23:31:11
"arroz";"Arroz Integral Meu Biju 8 Grãos com Quinoa 500g";9,85;8 g;Atacadão;https://www.atacadao.com.br/arroz-integral-meu-biju-8-graos-com-quinoa-77764-14214/p;2026-03-22 23:31:11
"arroz";"Arroz Integral Tio João 7 Grãos com quinoa 500g";10,98;7 g;Atacadão;https://www.atacadao.com.br/arroz-integral-tio-joao-7-graos-com-quinoa-64792-14230/p;2026-03-22 23:31:11
"arroz";"Cereal Infantil Mucilon 360g Refil Arroz E Aveia";11,90;360g;Spani Atacadista;https://www.spanionline.com.br/produto/9052/cereal-infantil-mucilon-360g-refil-arroz-e-aveia;2026-03-22 23:31:11
"arroz";"Cereal Infantil Mucilon 360g Refil Arroz";11,90;360g;Spani Atacadista;https://www.spanionline.com.br/produto/9053/cereal-infantil-mucilon-360g-refil-arroz;2026-03-22 23:31:11
"arroz";"Arroz Tipo 1 São Lucas 5kgpartir de 2 unidadesregras";13,99;5kg;Tenda Atacado;https://www.tendaatacado.com.br/produto/arroz-tipo-1-sao-lucas-5kg;2026-03-22 23:31:11
"arroz";"Arroz Tipo 1 Solito 5kgcionar";14,20;5kg;Tenda Atacado;https://www.tendaatacado.com.br/produto/arroz-tipo-1-solito-5kg;2026-03-22 23:31:11
"arroz";"Arroz Tipo 1 Saboroso 5kgcionar";14,20;5kg;Tenda Atacado;https://www.tendaatacado.com.br/produto/arroz-tipo-1-saboroso-5kg-1470;2026-03-22 23:31:11
"arroz";"Arroz Tipo 1 Select 5Kgcionar";14,79;5kg;Tenda Atacado;https://www.tendaatacado.com.br/produto/arroz-tipo-1-select-5kg-14830;2026-03-22 23:31:11
"arroz";"Arroz Vila Nova Parboilizado - Tipo 1 5kg";14,88;5kg;Atacadão;https://www.atacadao.com.br/arroz-vila-nova-parboilizado---tipo-1-13161-15219/p;2026-03-22 23:31:11
"arroz";"Arroz Tipo 1 Pateko 5kgpartir de 2 unidadesregras";15,29;5kg;Tenda Atacado;https://www.tendaatacado.com.br/produto/arroz-tipo-1-pateko-5kg-2678;2026-03-22 23:31:11
"arroz";"Arroz Parboilizado Select 5kgcionar";15,75;5kg;Tenda Atacado;https://www.tendaatacado.com.br/produto/arroz-parboilizado-select-5kg-2542;2026-03-22 23:31:11
"arroz";"Arroz Sabor Máximo Agulhinha Tipo 1 5kg";15,89;5kg;Atacadão;https://www.atacadao.com.br/arroz-sabor-maximo-agulhinha-tipo-1-35781-14357/p;2026-03-22 23:31:11
"arroz";"Arroz Solito Agulhinha - Tipo 1 5kg";16,79;5kg;Atacadão;https://www.atacadao.com.br/arroz-solito-agulhinha-tipo-1-61094-14942/p;2026-03-22 23:31:11
"arroz";"Arroz para Cães Cão Brasil 5kg";17,90;5kg;Atacadão;https://www.atacadao.com.br/arroz-para-caes-cao-brasil-11418-14553/p;2026-03-22 23:31:11
"arroz";"Arroz Tarumã 5kgpartir de 2 unidadesregras";18,59;5kg;Tenda Atacado;https://www.tendaatacado.com.br/produto/arroz-taruma-5kg;2026-03-22 23:31:11
"arroz";"Arroz Arbório Urbano 1kgcionar";18,90;1kg;Tenda Atacado;https://www.tendaatacado.com.br/produto/arroz-arborio-urbano-1kg;2026-03-22 23:31:11
"arroz";"Arroz Camil Agulhinha - Tipo 1 5kg";19,39;5kg;Atacadão;https://www.atacadao.com.br/;2026-03-22 23:31:11
"arroz";"Arroz Tipo 1 Fantástico 5kgcionar";20,49;5kg;Tenda Atacado;https://www.tendaatacado.com.br/produto/arroz-tipo-1-fantastico-5kg-1464;2026-03-22 23:31:11
"arroz";"Arroz Parboilizado Tipo 1 Palmares 5kg";20,50;5kg;Spani Atacadista;https://www.spanionline.com.br/produto/10961/arroz-parboilizado-tipo-1-palmares-5kg;2026-03-22 23:31:11
"arroz";"Arroz Urbano Italiano - Tipo 1 1kg";20,88;1kg;Atacadão;https://www.atacadao.com.br/arroz-urbano-italiano---tipo-1-pacote-com-1kg-32089-15165/p;2026-03-22 23:31:11
"arroz";"Arroz Tipo 1 Palmares Plus 5kg";20,90;5kg;Spani Atacadista;https://www.spanionline.com.br/produto/3041/arroz-tipo-1-palmares-plus-5kg;2026-03-22 23:31:11
"arroz";"Arroz Agulhinha T1 5kg Arrozal";22,90;5kg;Spani Atacadista;https://www.spanionline.com.br/produto/12961/arroz-agulhinha-t1-5kg-arrozal;2026-03-22 23:31:11
"arroz";"Arroz Tipo 1 Palmares Gold 5kg";23,90;5kg;Spani Atacadista;https://www.spanionline.com.br/produto/3039/arroz-tipo-1-palmares-gold-5kg;2026-03-22 23:31:11
"arroz";"Arroz Tipo 1 Raroz 5kg Parboilizado";23,90;5kg;Spani Atacadista;https://www.spanionline.com.br/produto/3055/arroz-tipo-1-raroz-5kg-parboilizado;2026-03-22 23:31:11
"arroz";"Arroz Tipo 1 Prato Fino 5kgcionar";24,30;5kg;Tenda Atacado;https://www.tendaatacado.com.br/produto/arroz-tipo-1-prato-fino-5kg-835;2026-03-22 23:31:11
"arroz";"Arroz Tipo 1 Raroz 5kg";24,50;5kg;Spani Atacadista;https://www.spanionline.com.br/produto/3054/arroz-tipo-1-raroz-5kg;2026-03-22 23:31:11
"arroz";"Mucilon 600g Refil Arroz E Aveia";24,79;600g;Spani Atacadista;https://www.spanionline.com.br/produto/9044/mucilon-600g-refil-arroz-e-aveia;2026-03-22 23:31:11
"arroz";"Arroz Tipo 1 Pagliarin 5kg";24,90;5kg;Spani Atacadista;https://www.spanionline.com.br/produto/3038/arroz-tipo-1-pagliarin-5kg;2026-03-22 23:31:11
"arroz";"Arroz Empório São João Agulhinha Tipo 1 5kg";25,39;5kg;Atacadão;https://www.atacadao.com.br/arroz-emporio-sao-joao-agulhinha-tipo-1-57067-14003/p;2026-03-22 23:31:11
"arroz";"Arroz Tipo 1 Fantástico Premium 5kg";25,90;5kg;Spani Atacadista;https://www.spanionline.com.br/produto/3032/arroz-tipo-1-fantastico-premium-5kg;2026-03-22 23:31:11
"arroz";"Arroz Tipo 1 Albaruska 5kgpartir de 2 unidadesregras";26,70;5kg;Tenda Atacado;https://www.tendaatacado.com.br/produto/arroz-tipo-1-de-pilao-albaruska-5kg-3509;2026-03-22 23:31:11
"arroz";"Arroz Tio João Agulhinha - Tipo 1 5kg";26,79;5kg;Atacadão;https://www.atacadao.com.br/arroz-tio-joao-agulhinha---tipo-1-5148-15022/p;2026-03-22 23:31:11
"arroz";"Arroz Albaruska Agulhinha Tipo 1 5kg";26,89;5kg;Atacadão;https://www.atacadao.com.br/arroz-albaruska-agulhinha-tipo-1-34107-13499/p;2026-03-22 23:31:11
"arroz";"Arroz Tipo 1 Camil 5kg";28,90;5kg;Spani Atacadista;https://www.spanionline.com.br/produto/1185/arroz-tipo-1-camil-5kg;2026-03-22 23:31:11
"arroz";"Mucilon 1kg Refil Arroz E Aveia";33,90;1kg;Spani Atacadista;https://www.spanionline.com.br/produto/9046/mucilon-1kg-refil-arroz-e-aveia;2026-03-22 23:31:11
"arroz";"Arroz Momiji Japonês Tipo 1 5kg";48,88;5kg;Atacadão;https://www.atacadao.com.br/arroz-momiji-japones-tipo-1-15782-14439/p;2026-03-22 23:31:11
"creme de leite";"Creme de Leite Casaberta 200g";2,09;200g;Atacadão;https://www.atacadao.com.br/creme-de-leite-casaberta-5493-57434/p;2026-03-22 23:31:11
"creme de leite";"Creme de Leite Damare Leve 200g";2,15;200g;Atacadão;https://www.atacadao.com.br/creme-de-leite-damare-leve-94876-45105/p;2026-03-22 23:31:11
"creme de leite";"Creme de Leite Mococa 200gcionar";2,29;200g;Tenda Atacado;https://www.tendaatacado.com.br/produto/creme-de-leite-mococa-200g;2026-03-22 23:31:11
"creme de leite";"Creme de Leite UHT Levíssimo Homogeneizado Itambé 200gpartir de 4 unidadesregras";2,29;200g;Tenda Atacado;https://www.tendaatacado.com.br/produto/creme-de-leite-uht-levissimo-homogeneizado-itambe-200g;2026-03-22 23:31:11
"creme de leite";"Mistura Láctea Creme de Leite Mococa 200gpartir de 4 unidadesregras";2,29;200g;Tenda Atacado;https://www.tendaatacado.com.br/produto/mistura-lactea-creme-de-leite-mococa-200g-30252;2026-03-22 23:31:11
"creme de leite";"Creme de Leite CCGL 200g";2,39;200g;Atacadão;https://www.atacadao.com.br/creme-de-leite-ccgl-tp-com-200g-45393-27221/p;2026-03-22 23:31:11
"creme de leite";"Creme De Leite Piracanjuba 200g";2,49;200g;Spani Atacadista;https://www.spanionline.com.br/produto/11156/creme-de-leite-piracanjuba-200g;2026-03-22 23:31:11
"creme de leite";"Creme de Leite Italac 200gcionar";2,49;200g;Tenda Atacado;https://www.tendaatacado.com.br/produto/creme-de-leite-italac-200g-1419;2026-03-22 23:31:11
"creme de leite";"Creme de Leite Piracanjuba 200g";2,49;200g;Atacadão;https://www.atacadao.com.br/creme-de-leite-piracanjuba-23290-27439/p;2026-03-22 23:31:11
"creme de leite";"Creme De Leite Glória 200g Leve Homogeneizado";2,69;200g;Spani Atacadista;https://www.spanionline.com.br/produto/14739/creme-de-leite-gloria-200g-leve-homogeneizado;2026-03-22 23:31:11
"creme de leite";"Creme de Leite Lider 200gpartir de 4 unidadesregras";2,69;200g;Tenda Atacado;https://www.tendaatacado.com.br/produto/creme-de-leite-lider-200g-4280;2026-03-22 23:31:11
"creme de leite";"Creme de Leite Piracanjuba 200gpartir de 4 unidadesregras";2,79;200g;Tenda Atacado;https://www.tendaatacado.com.br/produto/creme-de-leite-piracanjuba-200g-21208;2026-03-22 23:31:11
"creme de leite";"Creme De Leite Italac 200g Tp";2,89;200g;Spani Atacadista;https://www.spanionline.com.br/produto/1929/creme-de-leite-italac-200g-tp;2026-03-22 23:31:11
"creme de leite";"Creme de Leite Glória 200gpartir de 4 unidadesregras";2,89;200g;Tenda Atacado;https://www.tendaatacado.com.br/produto/creme-de-leite-gloria-200g-8969;2026-03-22 23:31:11
"creme de leite";"Creme de Leite 10% Italac 200gpartir de 4 unidadesregras";2,89;200g;Tenda Atacado;https://www.tendaatacado.com.br/produto/creme-de-leite-10-italac-200g;2026-03-22 23:31:11
"creme de leite";"Creme de Leite Italac 200g";2,89;200g;Atacadão;https://www.atacadao.com.br/creme-de-leite-italac-1599-27280/p;2026-03-22 23:31:11
"creme de leite";"Creme De Leite Itambé 200g Tp Levíssimo 10% Gordura";2,99;200g;Spani Atacadista;https://www.spanionline.com.br/produto/14389/creme-de-leite-itambe-200g-tp-levissimo-10-gordura;2026-03-22 23:31:11
"creme de leite";"Creme De Milho Pacha 500g";3,09;500g;Spani Atacadista;https://www.spanionline.com.br/produto/3355/creme-de-milho-pacha-500g;2026-03-22 23:31:11
"creme de leite";"Creme Dental Sorrsio 70g Tripla Limpeza Completa";3,19;70g;Spani Atacadista;https://www.spanionline.com.br/produto/6232/creme-dental-sorrsio-70g-tripla-limpeza-completa;2026-03-22 23:31:11
"creme de leite";"Creme Dental Close Up 70g Triple Hortelã";3,29;70g;Spani Atacadista;https://www.spanionline.com.br/produto/6175/creme-dental-close-up-70g-triple-hortela;2026-03-22 23:31:11
"creme de leite";"Creme Dental Close Up 70g Triple Menta";3,29;70g;Spani Atacadista;https://www.spanionline.com.br/produto/6176/creme-dental-close-up-70g-triple-menta;2026-03-22 23:31:11
"creme de leite";"Creme de Leite Itambé 200gpartir de 4 unidadesregras";3,45;200g;Tenda Atacado;https://www.tendaatacado.com.br/produto/creme-de-leite-itambe-200g-25928;2026-03-22 23:31:11
"creme de leite";"Creme de Leite Nestlé Zero Lactose 200g";3,84;200g;Atacadão;https://www.atacadao.com.br/creme-de-leite-nestle-zero-lactose-90852-40739/p;2026-03-22 23:31:11
"creme de leite";"Creme de Leite Nestlé 200g";3,88;200g;Atacadão;https://www.atacadao.com.br/creme-de-leite-nestle-21220-27401/p;2026-03-22 23:31:11
"creme de leite";"Creme de Leite Zero Lactose Italac 200gpartir de 4 unidadesregras";3,95;200g;Tenda Atacado;https://www.tendaatacado.com.br/produto/creme-de-leite-zero-lactose-italac-200g-11406;2026-03-22 23:31:11
"creme de leite";"Creme De Leite Italac 200g Zero Lactose";3,99;200g;Spani Atacadista;https://www.spanionline.com.br/produto/12344/creme-de-leite-italac-200g-zero-lactose;2026-03-22 23:31:11
"creme de leite";"Creme de Leite Piracanjuba Zero Lactose 200g";3,99;200g;Atacadão;https://www.atacadao.com.br/creme-de-leite-piracanjuba-zero-lactose-49706-27461/p;2026-03-22 23:31:11
"creme de leite";"Creme Dental Sorriso 90g Dentes Brancos";4,39;90g;Spani Atacadista;https://www.spanionline.com.br/produto/6226/creme-dental-sorriso-90g-dentes-brancos;2026-03-22 23:31:11
"creme de leite";"Creme de Leite Tradicional Nestlé 200gcionar";4,39;200g;Tenda Atacado;https://www.tendaatacado.com.br/produto/creme-de-leite-tradicional-nestle-200g-2762;2026-03-22 23:31:11
"creme de leite";"Creme de Leite Piracanjuba Zero Lactose 200gpartir de 4 unidadesregras";4,39;200g;Tenda Atacado;https://www.tendaatacado.com.br/produto/creme-de-leite-piracanjuba-zero-lactose-200g-14552;2026-03-22 23:31:11
"creme de leite";"Creme Dental Colgate 90g Máxima Proteção Anticáries";4,59;90g;Spani Atacadista;https://www.spanionline.com.br/produto/6190/creme-dental-colgate-90g-maxima-protecao-anticaries;2026-03-22 23:31:11
"creme de leite";"Creme Dental Colgate Tripla Ação 90g Hortelã";5,79;90g;Spani Atacadista;https://www.spanionline.com.br/produto/6198/creme-dental-colgate-tripla-acao-90g-hortela;2026-03-22 23:31:11
"creme de leite";"Creme Dental Colgate Tripla Ação 90g Menta";5,79;90g;Spani Atacadista;https://www.spanionline.com.br/produto/6199/creme-dental-colgate-tripla-acao-90g-menta;2026-03-22 23:31:11
"creme de leite";"Creme de Leite Itambé 300g";6,40;300g;Atacadão;https://www.atacadao.com.br/creme-de-leite-itambe-1812-27289/p;2026-03-22 23:31:11
"creme de leite";"Creme de Leite Nestlé 300g";6,84;300g;Atacadão;https://www.atacadao.com.br/creme-de-leite-nestle-18843-27398/p;2026-03-22 23:31:11
"creme de leite";"Creme de leite NESTLÉ 300gcionar";6,99;300g;Tenda Atacado;https://www.tendaatacado.com.br/produto/creme-de-leite-tradicional-nestle-300g-197;2026-03-22 23:31:11
"creme de leite";"Margarina Delícia com Creme de Leite com Sal 500gpartir de 3 unidadesregras";7,49;500g;Tenda Atacado;https://www.tendaatacado.com.br/produto/margarina-delicia-com-creme-de-leite-com-sal-500g;2026-03-22 23:31:11
"creme de leite";"Creme De Leite Itambé 300g Lata";7,69;300g;Spani Atacadista;https://www.spanionline.com.br/produto/1931/creme-de-leite-itambe-300g-lata;2026-03-22 23:31:11
"creme de leite";"Creme Dental Colgate 180g Máxima Proteção Anticáries";7,69;180g;Spani Atacadista;https://www.spanionline.com.br/produto/6182/creme-dental-colgate-180g-maxima-protecao-anticaries;2026-03-22 23:31:11
"creme de leite";"Creme Dental Infantil Colgate Tandy 50g Morango";7,69;50g;Spani Atacadista;https://www.spanionline.com.br/produto/6233/creme-dental-infantil-colgate-tandy-50g-morango;2026-03-22 23:31:11
"creme de leite";"Creme Dental Infantil Colgate Tandy 50g Tutti Frutti";7,69;50g;Spani Atacadista;https://www.spanionline.com.br/produto/6234/creme-dental-infantil-colgate-tandy-50g-tutti-frutti;2026-03-22 23:31:11
"creme de leite";"Creme de Leite Itambé 300gpartir de 4 unidadesregras";7,79;300g;Tenda Atacado;https://www.tendaatacado.com.br/produto/creme-de-leite-itambe-300g-2048;2026-03-22 23:31:11
"creme de leite";"Creme De Ricota Tirolez 200g";7,89;200g;Spani Atacadista;https://www.spanionline.com.br/produto/5321/creme-de-ricota-tirolez-200g;2026-03-22 23:31:11
"creme de leite";"Creme De Ricota Tirolez Light 200g";7,99;200g;Spani Atacadista;https://www.spanionline.com.br/produto/5322/creme-de-ricota-tirolez-light-200g;2026-03-22 23:31:11
"creme de leite";"Creme De Ricota Quatá 150g";8,49;150g;Spani Atacadista;https://www.spanionline.com.br/produto/5320/creme-de-ricota-quata-150g;2026-03-22 23:31:11
"creme de leite";"Creme Dental Colgate 180g Tripla Ação";8,49;180g;Spani Atacadista;https://www.spanionline.com.br/produto/6183/creme-dental-colgate-180g-tripla-acao;2026-03-22 23:31:11
"creme de leite";"Loção Hidratante Flor de Ypê Ameixa e Flor de Lótus 200ml";8,99;200ml;Atacadão;https://www.atacadao.com.br/locao-hidratante-flor-de-ype-ameixa-e-flor-de-lotus-96092-45989/p;2026-03-22 23:31:11
"creme de leite";"Creme De Barbear Bozzano 65g Aloe Vera";9,39;65g;Spani Atacadista;https://www.spanionline.com.br/produto/6142/creme-de-barbear-bozzano-65g-aloe-vera;2026-03-22 23:31:11
"creme de leite";"Creme De Barbear Bozzano 65g Pele Sensível";9,39;65g;Spani Atacadista;https://www.spanionline.com.br/produto/6143/creme-de-barbear-bozzano-65g-pele-sensivel;2026-03-22 23:31:11
"creme de leite";"Creme De Barbear Bozzano 65g Refresncante";9,39;65g;Spani Atacadista;https://www.spanionline.com.br/produto/6144/creme-de-barbear-bozzano-65g-refresncante;2026-03-22 23:31:11
"creme de leite";"Creme Dental Oral B 70g 3d White";9,79;70g;Spani Atacadista;https://www.spanionline.com.br/produto/6210/creme-dental-oral-b-70g-3d-white;2026-03-22 23:31:11
"creme de leite";"Creme Dental Colgate 70g Luminous White";10,09;70g;Spani Atacadista;https://www.spanionline.com.br/produto/6189/creme-dental-colgate-70g-luminous-white;2026-03-22 23:31:11
"creme de leite";"Creme P/pentear Monange 300ml Hidrata Com Poder";10,49;300ml;Spani Atacadista;https://www.spanionline.com.br/produto/6244/creme-ppentear-monange-300ml-hidrata-com-poder;2026-03-22 23:31:11
"creme de leite";"Creme P/pentear Monange 300ml Lisos Te Quero";10,49;300ml;Spani Atacadista;https://www.spanionline.com.br/produto/6245/creme-ppentear-monange-300ml-lisos-te-quero;2026-03-22 23:31:11
"creme de leite";"Creme de Leite Damare 1,010kg";10,90;010kg;Atacadão;https://www.atacadao.com.br/creme-de-leite-damare-94877-45111/p;2026-03-22 23:31:11
"creme de leite";"Creme Culinário Daus 1Kgcionar";10,99;1kg;Tenda Atacado;https://www.tendaatacado.com.br/produto/creme-culinario-daus-1kg;2026-03-22 23:31:11
"creme de leite";"Creme De Leite Nestlé 300g Lata";11,76;300g;Spani Atacadista;https://www.spanionline.com.br/produto/1933/creme-de-leite-nestle-300g-lata;2026-03-22 23:31:11
"creme de leite";"Creme Dental Colgate Total 90g Advanced";12,49;90g;Spani Atacadista;https://www.spanionline.com.br/produto/6202/creme-dental-colgate-total-90g-advanced;2026-03-22 23:31:11
"creme de leite";"Creme Dental Colgate 90g Total Whitening";12,49;90g;Spani Atacadista;https://www.spanionline.com.br/produto/6205/creme-dental-colgate-90g-total-whitening;2026-03-22 23:31:11
"creme de leite";"Creme Dental Colgate 90g Sensitve Pro-alívio";12,89;90g;Spani Atacadista;https://www.spanionline.com.br/produto/6195/creme-dental-colgate-90g-sensitve-proalivio;2026-03-22 23:31:11
"creme de leite";"Creme Dental Colgate 90g Sensitve Pro-alívio Branqueador";12,89;90g;Spani Atacadista;https://www.spanionline.com.br/produto/6196/creme-dental-colgate-90g-sensitve-proalivio-branqueador;2026-03-22 23:31:11
"creme de leite";"Creme de Leite Italac 1,030kg";13,85;030kg;Atacadão;https://www.atacadao.com.br/creme-de-leite-italac-65376-27270/p;2026-03-22 23:31:11
"creme de leite";"Creme de Leite Piracanjuba TP 1,030kgcionar";13,90;030kg;Tenda Atacado;https://www.tendaatacado.com.br/produto/creme-de-leite-piracanjuba-tp-1kg-3522;2026-03-22 23:31:11
"creme de leite";"Margarina Delícia com Creme de Leite com Sal 1kgcionar";13,90;1kg;Tenda Atacado;https://www.tendaatacado.com.br/produto/margarina-delicia-com-creme-de-leite-com-sal-1kg;2026-03-22 23:31:11
"creme de leite";"Creme de Leite Piracanjuba 1,030kg";13,90;030kg;Atacadão;https://www.atacadao.com.br/creme-de-leite-piracanjuba-51854-27444/p;2026-03-22 23:31:11
"creme de leite";"Creme De Avelã Nutella 140g";14,59;140g;Spani Atacadista;https://www.spanionline.com.br/produto/4578/creme-de-avela-nutella-140g;2026-03-22 23:31:11
"creme de leite";"Creme de Leite Italac 1,030kgcionar";14,90;030kg;Tenda Atacado;https://www.tendaatacado.com.br/produto/creme-de-leite-italac-1-030kg-15509;2026-03-22 23:31:11
"creme de leite";"Creme De Confeiteiro Qualimax 1kg";15,29;1kg;Spani Atacadista;https://www.spanionline.com.br/produto/4996/creme-de-confeiteiro-qualimax-1kg;2026-03-22 23:31:11
"creme de leite";"Creme De Leite Italac Tp 1.03kg";15,90;03kg;Spani Atacadista;https://www.spanionline.com.br/produto/4997/creme-de-leite-italac-tp-103kg;2026-03-22 23:31:11
"creme de leite";"Creme Dental Oral B 70g 3d White Leve 3 Pague 2";19,39;70g;Spani Atacadista;https://www.spanionline.com.br/produto/6211/creme-dental-oral-b-70g-3d-white-leve-3-pague-2;2026-03-22 23:31:11
"creme de leite";"Creme Condicionador para Pentear Elseve Cicatri Renov 50ml";19,90;50ml;Atacadão;https://www.atacadao.com.br/creme-condicionador-para-pentear-elseve-cicatri-renov-frasco-com-50ml-84102-26863/p;2026-03-22 23:31:11
"creme de leite";"Creme Facial De Aveia Davene 50g Hipoalergênico";21,49;50g;Spani Atacadista;https://www.spanionline.com.br/produto/6235/creme-facial-de-aveia-davene-50g-hipoalergenico;2026-03-22 23:31:11
"creme de leite";"Loção Desodorante Hidratante Nivea Beleza Radiante 400ml";21,50;400ml;Atacadão;https://www.atacadao.com.br/;2026-03-22 23:31:11
"creme de leite";"Creme para Pentear Elseve Cachos Sonhos 250ml";21,90;250ml;Atacadão;https://www.atacadao.com.br/creme-para-pentear-elseve-cachos-sonhos-frasco-com-250ml-77522-29462/p;2026-03-22 23:31:11
"creme de leite";"Creme de Leite Fazenda Bela Vista 500gcionar";25,90;500g;Tenda Atacado;https://www.tendaatacado.com.br/produto/creme-de-leite-fazenda-bela-vista-500g;2026-03-22 23:31:11
"creme de leite";"Creme de Leite Fazenda Bela Vista 500g";28,20;500g;Atacadão;https://www.atacadao.com.br/creme-de-leite-fazenda-bela-vista-67722-27241/p;2026-03-22 23:31:11
"creme de leite";"Hidratante Corporal Neutrogena Body Care Intensive Hidrata & Suaviza 400ml";29,90;400ml;Atacadão;https://www.atacadao.com.br/locao-hidratante-corporal-neutrogena-hidrata-e-suaviza-72449-99/p;2026-03-22 23:31:11
"creme de leite";"Creme Facial Nivea Nutritivo 100g";34,90;100g;Atacadão;https://www.atacadao.com.br/creme-facial-nivea-nutritivo-77896-29136/p;2026-03-22 23:31:11
"creme de leite";"Creme De Cebola Qualimax 1,01kg";35,50;01kg;Spani Atacadista;https://www.spanionline.com.br/produto/8328/creme-de-cebola-qualimax-101kg;2026-03-22 23:31:11
"creme de leite";"Creme De Avelã Nutella 650g";54,69;650g;Spani Atacadista;https://www.spanionline.com.br/produto/4580/creme-de-avela-nutella-650g;2026-03-22 23:31:11
"extrato de tomate";"Extrato de Tomate Bonare 140g";1,29;140g;Atacadão;https://www.atacadao.com.br/extrato-de-tomate-bonare-88218-6507/p;2026-03-22 23:31:11
"extrato de tomate";"Molho De Tomate Tarantella Tradicional 300g";1,65;300g;Spani Atacadista;https://www.spanionline.com.br/produto/12469/molho-de-tomate-tarantella-tradicional-300g;2026-03-22 23:31:11
"extrato de tomate";"Molho De Tomate Predilecta Tradicional 300g";1,89;300g;Spani Atacadista;https://www.spanionline.com.br/produto/12621/molho-de-tomate-predilecta-tradicional-300g;2026-03-22 23:31:11
"extrato de tomate";"Molho De Tomate Salsaretti Tradicional 300g Sachê";2,09;300g;Spani Atacadista;https://www.spanionline.com.br/produto/11146/molho-de-tomate-salsaretti-tradicional-300g-sache;2026-03-22 23:31:11
"extrato de tomate";"Molho De Tomate Quero 240g Sachê Tradicional";2,09;240g;Spani Atacadista;https://www.spanionline.com.br/produto/14154/molho-de-tomate-quero-240g-sache-tradicional;2026-03-22 23:31:11
"extrato de tomate";"Extrato de Tomate Fugini 190g";2,19;190g;Atacadão;https://www.atacadao.com.br/extrato-de-tomate-fugini-38401-6682/p;2026-03-22 23:31:11
"extrato de tomate";"Extrato de Tomate Bonare 300g";2,25;300g;Atacadão;https://www.atacadao.com.br/extrato-de-tomate-bonare-pouch-com-300g-80545-6534/p;2026-03-22 23:31:11
"extrato de tomate";"Molho De Tomate Tarantella Pizza 300g";2,39;300g;Spani Atacadista;https://www.spanionline.com.br/produto/12550/molho-de-tomate-tarantella-pizza-300g;2026-03-22 23:31:11
"extrato de tomate";"Molho De Tomate Tarantella Manjericão 300g";2,39;300g;Spani Atacadista;https://www.spanionline.com.br/produto/12551/molho-de-tomate-tarantella-manjericao-300g;2026-03-22 23:31:11
"extrato de tomate";"Molho De Tomate Tarantella Bolonhesa 300g";2,39;300g;Spani Atacadista;https://www.spanionline.com.br/produto/12552/molho-de-tomate-tarantella-bolonhesa-300g;2026-03-22 23:31:11
"extrato de tomate";"Extrato De Tomate Quero Tp 130g";2,49;130g;Spani Atacadista;https://www.spanionline.com.br/produto/1701/extrato-de-tomate-quero-tp-130g;2026-03-22 23:31:11
"extrato de tomate";"Extrato de Tomate Select 300gcionar";2,79;300g;Tenda Atacado;https://www.tendaatacado.com.br/produto/extrato-de-tomate-select-300g;2026-03-22 23:31:11
"extrato de tomate";"Extrato de Tomate Fugini 300g";2,79;300g;Atacadão;https://www.atacadao.com.br/extrato-de-tomate-fugini-75074-6692/p;2026-03-22 23:31:11
"extrato de tomate";"Molho De Tomate Quero 240g Sachê Á Bolonhesa";2,99;240g;Spani Atacadista;https://www.spanionline.com.br/produto/14157/molho-de-tomate-quero-240g-sache-a-bolonhesa;2026-03-22 23:31:11
"extrato de tomate";"Molho De Tomate Quero 240g Sachê Pizza Com Orégano";2,99;240g;Spani Atacadista;https://www.spanionline.com.br/produto/14155/molho-de-tomate-quero-240g-sache-pizza-com-oregano;2026-03-22 23:31:11
"extrato de tomate";"Molho De Tomate Quero 240g Sachê Manjericão";2,99;240g;Spani Atacadista;https://www.spanionline.com.br/produto/14156/molho-de-tomate-quero-240g-sache-manjericao;2026-03-22 23:31:11
"extrato de tomate";"Polpa De Tomate Predilecta 300g Sachê";3,29;300g;Spani Atacadista;https://www.spanionline.com.br/produto/11142/polpa-de-tomate-predilecta-300g-sache;2026-03-22 23:31:11
"extrato de tomate";"Molho De Tomate Hemmer 300g Tradicional Sachê";3,29;300g;Spani Atacadista;https://www.spanionline.com.br/produto/11148/molho-de-tomate-hemmer-300g-tradicional-sache;2026-03-22 23:31:11
"extrato de tomate";"Molho De Tomate Heinz 240g Sachê Tradicional";3,39;240g;Spani Atacadista;https://www.spanionline.com.br/produto/14153/molho-de-tomate-heinz-240g-sache-tradicional;2026-03-22 23:31:11
"extrato de tomate";"Extrato de Tomate Elefante 130g";3,90;130g;Atacadão;https://www.atacadao.com.br/extrato-de-tomate-elefante-lata-com-130g-30467-38163/p;2026-03-22 23:31:11
"extrato de tomate";"Extrato de Tomate Elefante 130gpartir de 4 unidadesregras";3,99;130g;Tenda Atacado;https://www.tendaatacado.com.br/produto/extrato-de-tomate-elefante-130g-223;2026-03-22 23:31:11
"extrato de tomate";"Extrato de Tomate Quero 300gpartir de 4 unidadesregras";4,19;300g;Tenda Atacado;https://www.tendaatacado.com.br/produto/extrato-de-tomate-quero-300g;2026-03-22 23:31:11
"extrato de tomate";"Extrato De Tomate Elefante Lata 130g";4,29;130g;Spani Atacadista;https://www.spanionline.com.br/produto/3370/extrato-de-tomate-elefante-lata-130g;2026-03-22 23:31:11
"extrato de tomate";"Extrato de Tomate Quero 320g";4,29;320g;Atacadão;https://www.atacadao.com.br/extrato-de-tomate-quero-tp-com-320g-8387-6798/p;2026-03-22 23:31:11
"extrato de tomate";"Molho De Tomate Pomarola Manjericão 300g Sache";4,39;300g;Spani Atacadista;https://www.spanionline.com.br/produto/2705/molho-de-tomate-pomarola-manjericao-300g-sache;2026-03-22 23:31:11
"extrato de tomate";"Molho De Tomate Pomarola Pizza 300g Sache";4,39;300g;Spani Atacadista;https://www.spanionline.com.br/produto/2707/molho-de-tomate-pomarola-pizza-300g-sache;2026-03-22 23:31:11
"extrato de tomate";"Extrato De Tomate Quero 320g";4,69;320g;Spani Atacadista;https://www.spanionline.com.br/produto/11151/extrato-de-tomate-quero-320g;2026-03-22 23:31:11
"extrato de tomate";"Sardinha Pescador 125g Molho Tomate";4,79;125g;Spani Atacadista;https://www.spanionline.com.br/produto/13579/sardinha-pescador-125g-molho-tomate;2026-03-22 23:31:11
"extrato de tomate";"Tomate Sweet Grape 180gr";4,99;180g;Spani Atacadista;https://www.spanionline.com.br/produto/12346/tomate-sweet-grape-180gr;2026-03-22 23:31:11
"extrato de tomate";"Sardinha Gomes Da Costa Tomate 125g";5,09;125g;Spani Atacadista;https://www.spanionline.com.br/produto/239/sardinha-gomes-da-costa-tomate-125g;2026-03-22 23:31:11
"extrato de tomate";"Sardinha Coqueiro Tomate 125g";5,19;125g;Spani Atacadista;https://www.spanionline.com.br/produto/235/sardinha-coqueiro-tomate-125g;2026-03-22 23:31:11
"extrato de tomate";"Extrato de Tomate Elefante 275gpartir de 4 unidadesregras Produto indisponível";5,25;275g;Tenda Atacado;https://www.tendaatacado.com.br/produto/extrato-de-tomate-elefante-275g;2026-03-22 23:31:11
"extrato de tomate";"Molho De Tomate Pomarola Bolonhesa 300g Sache";5,49;300g;Spani Atacadista;https://www.spanionline.com.br/produto/2704/molho-de-tomate-pomarola-bolonhesa-300g-sache;2026-03-22 23:31:11
"extrato de tomate";"Biscoito Salgado Club Social Mix de queijos multipack 141g";5,49;141g;Atacadão;https://www.atacadao.com.br/;2026-03-22 23:31:11
"extrato de tomate";"Biscoito Salgado Club Social Integral 144g";5,49;144g;Atacadão;https://www.atacadao.com.br/biscoito-salgado-club-social-integral-54634-24885/p;2026-03-22 23:31:11
"extrato de tomate";"Biscoito Salgado Club Social Bacon e Provolone 141g";5,49;141g;Atacadão;https://www.atacadao.com.br/biscoito-salgado-club-social-bacon-e-provolone-74951-24874/p;2026-03-22 23:31:11
"extrato de tomate";"Biscoito Salgado Club Social Original 144g";5,49;144g;Atacadão;https://www.atacadao.com.br/biscoito-salgado-club-social-original-54629-24900/p;2026-03-22 23:31:11
"extrato de tomate";"Biscoito Salgado Club Social Presunto 141g";5,49;141g;Atacadão;https://www.atacadao.com.br/biscoito-salgado-club-social-presunto-54631-24909/p;2026-03-22 23:31:11
"extrato de tomate";"Extrato de Tomate Elefante 275g";5,59;275g;Atacadão;https://www.atacadao.com.br/extrato-de-tomate-elefante-tp-com-275g-84470-6650/p;2026-03-22 23:31:11
"extrato de tomate";"Extrato de Tomate Só Tomate Elefante 300gcionar";6,00;300g;Tenda Atacado;https://www.tendaatacado.com.br/produto/ext-tom-elefante-so-tomate-pt-300g;2026-03-22 23:31:11
"extrato de tomate";"Extrato de Tomate com Cebola e Alho Elefante 300gcionar";6,00;300g;Tenda Atacado;https://www.tendaatacado.com.br/produto/ext-tom-cebola-e-alho-elefante-300g;2026-03-22 23:31:11
"extrato de tomate";"Extrato de Tomate Base para Strogonoff Sabores Elefante 300gcionar";6,00;300g;Tenda Atacado;https://www.tendaatacado.com.br/produto/extrato-de-tomate-base-para-strogonoff-sabores-elefante-300g;2026-03-22 23:31:11
"extrato de tomate";"Extrato de Tomate Base para Carne de Panela Sabores Elefante 300gcionar";6,00;300g;Tenda Atacado;https://www.tendaatacado.com.br/produto/extrato-de-tomate-base-para-carne-de-panela-sabores-elefante-300g;2026-03-22 23:31:11
"extrato de tomate";"Extrato de Tomate Elefante Pote 310gduto indisponível";6,00;310g;Tenda Atacado;https://www.tendaatacado.com.br/produto/ext-tom-elefante-pt-310g;2026-03-22 23:31:11
"extrato de tomate";"Molho De Tomate Pomarola 520g";6,09;520g;Spani Atacadista;https://www.spanionline.com.br/produto/2702/molho-de-tomate-pomarola-520g;2026-03-22 23:31:11
"extrato de tomate";"Polpa De Tomate Pomodoro 520g";6,29;520g;Spani Atacadista;https://www.spanionline.com.br/produto/218/polpa-de-tomate-pomodoro-520g;2026-03-22 23:31:11
"extrato de tomate";"Extrato de Tomate Concentrado Salsaretti 300gpartir de 4 unidadesregras";6,29;300g;Tenda Atacado;https://www.tendaatacado.com.br/produto/extratode-tomate-concentrado-salsaretti-300g;2026-03-22 23:31:11
"extrato de tomate";"Extrato de tomate Elefante pote 300gcionar";6,39;300g;Tenda Atacado;https://www.tendaatacado.com.br/produto/ext-tom-elefante-pt-300g;2026-03-22 23:31:11
"extrato de tomate";"Tomate Pelado Sacciali 400g";6,79;400g;Spani Atacadista;https://www.spanionline.com.br/produto/7958/tomate-pelado-sacciali-400g;2026-03-22 23:31:11
"extrato de tomate";"Tomate Kg";6,89;und;Spani Atacadista;https://www.spanionline.com.br/produto/12904/tomate-kg;2026-03-22 23:31:11
"extrato de tomate";"Extrato de Tomate Elefante Só Tomate 300g";6,99;300g;Atacadão;https://www.atacadao.com.br/extrato-de-tomate-elefante-so-tomate-pote-com-300g-83715-6629/p;2026-03-22 23:31:11
"extrato de tomate";"Extrato de Tomate Elefante 300g";6,99;300g;Atacadão;https://www.atacadao.com.br/extrato-de-tomate-elefante-pote-com-300g-83714-6602/p;2026-03-22 23:31:11
"extrato de tomate";"Extrato de Tomate Elefante Cebola e Alho 300g";6,99;300g;Atacadão;https://www.atacadao.com.br/extrato-de-tomate-elefante-cebola-e-alho-pote-com-300g-83713-6575/p;2026-03-22 23:31:11
"extrato de tomate";"Extrato De Tomate Elefante Só Tomate 300g";8,09;300g;Spani Atacadista;https://www.spanionline.com.br/produto/11190/extrato-de-tomate-elefante-so-tomate-300g;2026-03-22 23:31:11
"extrato de tomate";"Extrato De Tomate Elefante Pote Tp 300g";8,29;300g;Spani Atacadista;https://www.spanionline.com.br/produto/10825/extrato-de-tomate-elefante-pote-tp-300g;2026-03-22 23:31:11
"extrato de tomate";"Extrato De Tomate Elefante Cebola E Alho Lata 300g";8,99;300g;Spani Atacadista;https://www.spanionline.com.br/produto/10826/extrato-de-tomate-elefante-cebola-e-alho-lata-300g;2026-03-22 23:31:11
"extrato de tomate";"Tomate Italiano 600g";9,53;600g;Spani Atacadista;https://www.spanionline.com.br/produto/12855/tomate-italiano-600g;2026-03-22 23:31:11
"extrato de tomate";"Extrato de Tomate Quero Sachê 1,02Kgcionar";9,80;02kg;Tenda Atacado;https://www.tendaatacado.com.br/produto/ext-tom-quero-sch-1-02kg;2026-03-22 23:31:11
"extrato de tomate";"Biscoito Salg Club Social Integral Embalagem Econômica 288g";10,09;288g;Atacadão;https://www.atacadao.com.br/biscoito-salgado-club-social-integral-embalagem-economica-54636-24890/p;2026-03-22 23:31:11
"extrato de tomate";"Extrato de Tomate Quero TP 1,080kgcionar";10,30;080kg;Tenda Atacado;https://www.tendaatacado.com.br/produto/extrato-de-tomate-quero-tp-1-080kg-19692;2026-03-22 23:31:11
"extrato de tomate";"Extrato de Tomate Elefante 535gpartir de 4 unidadesregras";10,99;535g;Tenda Atacado;https://www.tendaatacado.com.br/produto/extrato-de-tomate-elefante-535g;2026-03-22 23:31:11
"extrato de tomate";"Extrato de Tomate Quero 1,02kg";11,49;02kg;Atacadão;https://www.atacadao.com.br/extrato-de-tomate-quero-pouch-com-1-02kg-30822-6778/p;2026-03-22 23:31:11
"extrato de tomate";"Molho De Tomate Especial Sacciali Vidro 530g";11,59;530g;Spani Atacadista;https://www.spanionline.com.br/produto/10282/molho-de-tomate-especial-sacciali-vidro-530g;2026-03-22 23:31:11
"extrato de tomate";"Molho de Tomate Refogado Stella D'Oro 1,7Kgcionar";11,70;7kg;Tenda Atacado;https://www.tendaatacado.com.br/produto/molho-de-tomate-refogado-stella-d-oro-1-7kg;2026-03-22 23:31:11
"extrato de tomate";"Extrato de Tomate Gourmet Bonare 1,02kg";11,90;02kg;Atacadão;https://www.atacadao.com.br/extrato-de-tomate-gourmet-bonare-91219-40881/p;2026-03-22 23:31:11
"extrato de tomate";"Extrato De Tomate Elefante Tp 535g";12,69;535g;Spani Atacadista;https://www.spanionline.com.br/produto/10824/extrato-de-tomate-elefante-tp-535g;2026-03-22 23:31:11
"extrato de tomate";"Molho De Tomate Refogado Predilecta 1.7kg Un";12,90;7kg;Spani Atacadista;https://www.spanionline.com.br/produto/9646/molho-de-tomate-refogado-predilecta-17kg-un;2026-03-22 23:31:11
"extrato de tomate";"Molho De Tomate Cepêra Tradicional 1.7kg";14,99;7kg;Spani Atacadista;https://www.spanionline.com.br/produto/5071/molho-de-tomate-cepera-tradicional-17kg;2026-03-22 23:31:11
"extrato de tomate";"Extrato de Tomate Elefante 850gcionar";15,40;850g;Tenda Atacado;https://www.tendaatacado.com.br/produto/extrato-de-tomate-elefante-850g-378;2026-03-22 23:31:11
"extrato de tomate";"Molho De Tomate Cepêra Pizza 1.7kg";16,19;7kg;Spani Atacadista;https://www.spanionline.com.br/produto/5070/molho-de-tomate-cepera-pizza-17kg;2026-03-22 23:31:11
"extrato de tomate";"Extrato De Tomate Predilecta 1.7kg";17,19;7kg;Spani Atacadista;https://www.spanionline.com.br/produto/2523/extrato-de-tomate-predilecta-17kg;2026-03-22 23:31:11
"extrato de tomate";"Extrato de Tomate Elefante 1,04Kgcionar";19,80;04kg;Tenda Atacado;https://www.tendaatacado.com.br/produto/extrato-de-tomate-elefante-1-04kg;2026-03-22 23:31:11
"extrato de tomate";"Extrato de Tomate Elefante 1,04kg";19,98;04kg;Atacadão;https://www.atacadao.com.br/extrato-de-tomate-elefante-tp-com-1-04kg-84469-6638/p;2026-03-22 23:31:11
"extrato de tomate";"Extrato de Tomate Elefante 1,7kg";28,48;7kg;Atacadão;https://www.atacadao.com.br/extrato-de-tomate-elefante-98036-48010/p;2026-03-22 23:31:11
"extrato de tomate";"Extrato de Tomate Elefante 1,7kgcionar";28,99;7kg;Tenda Atacado;https://www.tendaatacado.com.br/produto/extrato-de-tomate-elefante-1-7kg;2026-03-22 23:31:11
"extrato de tomate";"Tomate Seco 100g";81,10;100g;Spani Atacadista;https://www.spanionline.com.br/produto/5884/tomate-seco-100g;2026-03-22 23:31:11
"feijão";"Tempero Sachê Kisabor 40g, Feijão";2,49;40g;Spani Atacadista;https://www.spanionline.com.br/produto/13112/tempero-sache-kisabor-40g-feijao;2026-03-22 23:31:11
"feijão";"Feijão Carioca Bonare 280g";3,19;280g;Atacadão;https://www.atacadao.com.br/feijao-carioca-bonare-91224-40886/p;2026-03-22 23:31:11
"feijão";"Feijão Preto Bonare 280g";3,19;280g;Atacadão;https://www.atacadao.com.br/feijao-preto-bonare-91226-40888/p;2026-03-22 23:31:11
"feijão";"Feijão Fradinho Campo Belo Tipo 1 500g";4,39;500g;Atacadão;https://www.atacadao.com.br/feijao-fradinho-campo-belo-tipo-1-pacote-com-500g-43864-10322/p;2026-03-22 23:31:11
"feijão";"Feijão Fantástico Preto T1 1kgpartir de 3 unidadesregras";4,59;1kg;Tenda Atacado;https://www.tendaatacado.com.br/produto/feijao-fantastico-preto-t1-1kg-2054;2026-03-22 23:31:11
"feijão";"Feijão Preto Tipo 1 Tarumã 1 Kgpartir de 3 unidadesregras";5,29;1 kg;Tenda Atacado;https://www.tendaatacado.com.br/produto/feijao-preto-tipo-1-taruma-1kg;2026-03-22 23:31:11
"feijão";"Feijão Carioca Namorado Tipo 1 1kg";5,29;1kg;Atacadão;https://www.atacadao.com.br/feijao-carioca-namorado-tipo-1-58544-9978/p;2026-03-22 23:31:11
"feijão";"Feijão Carioca Kicaldo Orgânico - Tipo 1 500g";5,49;500g;Atacadão;https://www.atacadao.com.br/feijao-carioca-kicfeijao-carioca-kicaldo-organico---tipo-1-pacote-com-500g-78461-9931/p;2026-03-22 23:31:11
"feijão";"Feijão Preto Camil 1kgcionar";5,55;1kg;Tenda Atacado;https://www.tendaatacado.com.br/produto/feijao-preto-camil-1kg-546;2026-03-22 23:31:11
"feijão";"Feijão Preto Sabor Máximo Tipo 1 1kg";5,69;1kg;Atacadão;https://www.atacadao.com.br/feijao-preto-sabor-maximo-tipo-1-25435-10769/p;2026-03-22 23:31:11
"feijão";"Feijão Nene 1kg Tipo 1 Fradinho";5,79;1kg;Spani Atacadista;https://www.spanionline.com.br/produto/8302/feijao-nene-1kg-tipo-1-fradinho;2026-03-22 23:31:11
"feijão";"Feijão Preto Tipo 1 Kicaldo 1kgcionar";5,89;1kg;Tenda Atacado;https://www.tendaatacado.com.br/produto/feijao-preto-tipo-1-kicaldo-1kg-610;2026-03-22 23:31:11
"feijão";"Feijão Preto Tipo 1 Maravilha 1kg";5,99;1kg;Spani Atacadista;https://www.spanionline.com.br/produto/812/feijao-preto-tipo-1-maravilha-1kg;2026-03-22 23:31:11
"feijão";"Feijão Preto Tipo 1 Saboroso 1kg";5,99;1kg;Spani Atacadista;https://www.spanionline.com.br/produto/815/feijao-preto-tipo-1-saboroso-1kg;2026-03-22 23:31:11
"feijão";"Feijão Carioca 5 Estrelas 1kgcionar";5,99;1kg;Tenda Atacado;https://www.tendaatacado.com.br/produto/feijao-carioca-5-estrelas-1kg-30378;2026-03-22 23:31:11
"feijão";"Feijão Preto Tipo 1 Fantástico 1kg";6,19;1kg;Spani Atacadista;https://www.spanionline.com.br/produto/811/feijao-preto-tipo-1-fantastico-1kg;2026-03-22 23:31:11
"feijão";"Feijão Carioca 5 Estrelas Tipo 1 1kg";6,50;1kg;Atacadão;https://www.atacadao.com.br/feijao-carioca-5-estrelas-tipo-1-pacote-com-1kg-67207-9663/p;2026-03-22 23:31:11
"feijão";"Feijão Carioca Pronto Camil 380gcionar";6,55;380g;Tenda Atacado;https://www.tendaatacado.com.br/produto/feijao-carioca-pronto-camil-380g;2026-03-22 23:31:11
"feijão";"Sopão Kisabor 150g Feijão Com Macarrão";6,59;150g;Spani Atacadista;https://www.spanionline.com.br/produto/13124/sopao-kisabor-150g-feijao-com-macarrao;2026-03-22 23:31:11
"feijão";"Feijão Fradinho Temperado e Cozido Camil 380gcionar";6,59;380g;Tenda Atacado;https://www.tendaatacado.com.br/produto/feijao-fradinho-temperado-e-cozido-camil-380g;2026-03-22 23:31:11
"feijão";"Feijão de Corda Campo Belo Tipo 1 500g";6,75;500g;Atacadão;https://www.atacadao.com.br/feijao-de-corda-campo-belo-tipo-1-pacote-com-500g-36568-10281/p;2026-03-22 23:31:11
"feijão";"Feijão Carioca da Casa 1kgcionar";6,79;1kg;Tenda Atacado;https://www.tendaatacado.com.br/produto/feijao-carioca-da-casa-1kg-608;2026-03-22 23:31:11
"feijão";"Feijão Carioca Da Casa Tipo 1 1kg";6,90;1kg;Atacadão;https://www.atacadao.com.br/feijao-carioca-da-casa-tipo-1-pacote-com-1kg-32749-9778/p;2026-03-22 23:31:11
"feijão";"Feijão Carioca Tipo 1 Maravilha 1kg";6,99;1kg;Spani Atacadista;https://www.spanionline.com.br/produto/803/feijao-carioca-tipo-1-maravilha-1kg;2026-03-22 23:31:11
"feijão";"Produto indisponível Sopão Kitano Sabores 196g Feijão";6,99;196g;Spani Atacadista;https://www.spanionline.com.br/produto/11109/sopao-kitano-sabores-196g-feijao;2026-03-22 23:31:11
"feijão";"Feijão Fradinho Kicaldo 1Kgcionar";6,99;1kg;Tenda Atacado;https://www.tendaatacado.com.br/produto/feijao-fradinho-kicaldo-1kg-13891;2026-03-22 23:31:11
"feijão";"Feijão Carioca Tucumã 1Kgcionar";6,99;1kg;Tenda Atacado;https://www.tendaatacado.com.br/produto/feijao-carioca-tucuma-1kg;2026-03-22 23:31:11
"feijão";"Feijão Carioca Tipo 1 Nenê 1kg";7,29;1kg;Spani Atacadista;https://www.spanionline.com.br/produto/804/feijao-carioca-tipo-1-nene-1kg;2026-03-22 23:31:11
"feijão";"Feijão Preto Camil 380g";7,49;380g;Atacadão;https://www.atacadao.com.br/feijao-preto-camil-36812-10510/p;2026-03-22 23:31:11
"feijão";"Feijão Carioca Taruma 1Kgcionar";7,55;1kg;Tenda Atacado;https://www.tendaatacado.com.br/produto/feijao-carioca-taruma-1kg;2026-03-22 23:31:11
"feijão";"Feijão Carioca Tipo 1 Fantástico 1kg";7,89;1kg;Spani Atacadista;https://www.spanionline.com.br/produto/801/feijao-carioca-tipo-1-fantastico-1kg;2026-03-22 23:31:11
"feijão";"Feijão Carioca Tipo 1 Camil 1kgcionar";8,19;1kg;Tenda Atacado;https://www.tendaatacado.com.br/produto/feijao-carioca-tipo-1-camil-1kg-481;2026-03-22 23:31:11
"feijão";"Feijão Carioca Camil Tipo 1 1kg";8,19;1kg;Atacadão;https://www.atacadao.com.br/feijao-carioca-camil-tipo-1-7382-9742/p;2026-03-22 23:31:11
"feijão";"Feijão Carioca Kicaldo Tipo 1 1kg";8,29;1kg;Atacadão;https://www.atacadao.com.br/;2026-03-22 23:31:11
"feijão";"Feijão Carioca Sabor Máximo Tipo 1 1kg";8,29;1kg;Atacadão;https://www.atacadao.com.br/feijao-carioca-sabor-maximo-tipo-1-5009-10104/p;2026-03-22 23:31:11
"feijão";"Feijão Carioca Empório São João Tipo 1 1kg";8,29;1kg;Atacadão;https://www.atacadao.com.br/feijao-carioca-emporio-sao-joao-tipo-1-59982-9832/p;2026-03-22 23:31:11
"feijão";"Feijão Rosinha Tipo 1 Camil 500gcionar";8,39;500g;Tenda Atacado;https://www.tendaatacado.com.br/produto/feijao-rosinha-tipo-1-camil-500g;2026-03-22 23:31:11
"feijão";"Feijão Carioca Tipo 1 Kicaldo 1kgpartir de 3 unidadesregras";8,39;1kg;Tenda Atacado;https://www.tendaatacado.com.br/produto/feijao-carioca-tipo-1-kicaldo-1kg-567;2026-03-22 23:31:11
"feijão";"Feijão Fradinho Kicaldo Tipo 1 1kg";8,50;1kg;Atacadão;https://www.atacadao.com.br/feijao-fradinho-kicaldo-tipo-1-19100-10357/p;2026-03-22 23:31:11
"feijão";"Feijão Corda Tipo 1 5 Estrelas 1Kgcionar";8,79;1kg;Tenda Atacado;https://www.tendaatacado.com.br/produto/feijao-corda-tipo-1-5-estrelas-1kg;2026-03-22 23:31:11
"feijão";"Feijão Carioca Broto Legal 1kgcionar";9,15;1kg;Tenda Atacado;https://www.tendaatacado.com.br/produto/feijao-carioca-broto-legal-1kg-929;2026-03-22 23:31:11
"feijão";"Feijão Carioca Pantera Tipo 1 1kg";9,19;1kg;Atacadão;https://www.atacadao.com.br/feijao-carioca-pantera-tipo-1-pacote-com-1kg-34798-10023/p;2026-03-22 23:31:11
"feijão";"Feijão Branco Tipo 1 Camil 500gcionar";9,90;500g;Tenda Atacado;https://www.tendaatacado.com.br/produto/feijao-branco-tipo-1-camil-500g;2026-03-22 23:31:11
"feijão";"Feijão Branco Da Terrinha Premium 500g";9,90;500g;Atacadão;https://www.atacadao.com.br/feijao-branco-da-terrinha-premium-5224-57301/p;2026-03-22 23:31:11
"feijão";"Feijão Branco Campo Belo Tipo 1 500g";10,09;500g;Atacadão;https://www.atacadao.com.br/feijao-branco-campo-belo-tipo-1-pacote-com-500g-36566-9601/p;2026-03-22 23:31:11
"feijão";"Feijão Branco Pacha 500g";11,49;500g;Spani Atacadista;https://www.spanionline.com.br/produto/1735/feijao-branco-pacha-500g;2026-03-22 23:31:11
"feijão";"Feijão Rajado Kicaldo 1Kgcionar";11,90;1kg;Tenda Atacado;https://www.tendaatacado.com.br/produto/feijao-rajado-kicaldo-1kg-31692;2026-03-22 23:31:11
"feijão";"Feijão Branco Kicaldo 1kgcionar";11,90;1kg;Tenda Atacado;https://www.tendaatacado.com.br/produto/feijao-branco-kicaldo-1kg-4422;2026-03-22 23:31:11
"feijão";"Feijão Vermelho Kicaldo 1kgcionar";11,90;1kg;Tenda Atacado;https://www.tendaatacado.com.br/produto/feijao-vermelho-kicaldo-1kg;2026-03-22 23:31:11
"feijão";"Feijão Kicaldo Vermelho 1kg";14,49;1kg;Atacadão;https://www.atacadao.com.br/feijao-kicaldo-vermelho-45294-10420/p;2026-03-22 23:31:11
"feijão";"Feijão Branco Camil Tipo 1 2kg";36,90;2kg;Atacadão;https://www.atacadao.com.br/feijao-branco-camil-tipo-1-pacote-com-2kg-12855-9591/p;2026-03-22 23:31:11
"ketchup";"Ketchup Campo Belo 200g";2,49;200g;Atacadão;https://www.atacadao.com.br/ketchup-campo-belo-70838-26242/p;2026-03-22 23:31:11
"ketchup";"Ketchup Quero Tradicional 200g";3,98;200g;Atacadão;https://www.atacadao.com.br/ketchup-quero-tradicional-pet-com-200g-27539-26489/p;2026-03-22 23:31:11
"ketchup";"Ketchup Tradicional Ekma 400gpartir de 4 unidadesregras";5,15;400g;Tenda Atacado;https://www.tendaatacado.com.br/produto/ketchup-tradicional-ekma-400g-18133;2026-03-22 23:31:11
"ketchup";"Ketchup Clássico Elefante 350mlcionar";5,29;350ml;Tenda Atacado;https://www.tendaatacado.com.br/produto/ketchup-classico-elefante-350ml;2026-03-22 23:31:11
"ketchup";"Ketchup Tradicional Quero 400gpartir de 4 unidadesregras";5,49;400g;Tenda Atacado;https://www.tendaatacado.com.br/produto/ketchup-tradicional-quero-400g-1183;2026-03-22 23:31:11
"ketchup";"Ketchup Quero Tradicional 400g";5,99;400g;Atacadão;https://www.atacadao.com.br/ketchup-quero-tradicional-pet-com-400g-13018-26492/p;2026-03-22 23:31:11
"ketchup";"Ketchup Tradicional Ekma 950gcionar";7,69;950g;Tenda Atacado;https://www.tendaatacado.com.br/produto/ketchup-tradicional-ekma-950g-1448;2026-03-22 23:31:11
"ketchup";"Ketchup Hemmer Zero 310g";9,69;310g;Atacadão;https://www.atacadao.com.br/ketchup-hemmer-zero-pet-com-310g-78352-26427/p;2026-03-22 23:31:11
"ketchup";"Ketchup Cepêra 1,010kg";9,75;010kg;Atacadão;https://www.atacadao.com.br/ketchup-cepera-29265-26271/p;2026-03-22 23:31:11
"ketchup";"Ketchup Tradicional Cepêra 1,01Kgcionar";9,89;01kg;Tenda Atacado;https://www.tendaatacado.com.br/produto/ketchup-tradicional-cepera-1-01kg-419;2026-03-22 23:31:11
"ketchup";"Ketchup Tradicional Hemmer 320gpartir de 4 unidadesregras";10,49;320g;Tenda Atacado;https://www.tendaatacado.com.br/produto/ketchup-tradicional-hemmer-320g-25525;2026-03-22 23:31:11
"ketchup";"Ketchup Tradicional Quero 1,028gcionar";11,79;028g;Tenda Atacado;https://www.tendaatacado.com.br/produto/catchup-trad-quero-1-028g;2026-03-22 23:31:11
"ketchup";"Ketchup Quero 1028g";11,89;1028g;Atacadão;https://www.atacadao.com.br/ketchup-quero-pet-com-1028g-65821-26463/p;2026-03-22 23:31:11
"ketchup";"AnúncioKetchup Tradicional Select 380gpartir de 4 unidadesregras";11,90;380g;Tenda Atacado;https://www.tendaatacado.com.br/produto/ketchup-tradicional-select-380g;2026-03-22 23:31:11
"ketchup";"Ketchup Salsaretti Tradicional 1,02kg";11,90;02kg;Atacadão;https://www.atacadao.com.br/ketchup-salsaretti-tradicional-91877-41353/p;2026-03-22 23:31:11
"ketchup";"Ketchup Hellmann’s Tradicional 380g";12,19;380g;Atacadão;https://www.atacadao.com.br/ketchup-hellmann%E2%80%99s-tradicional-44865-26404/p;2026-03-22 23:31:11
"ketchup";"Ketchup Heinz Tradicional 567g";12,99;567g;Atacadão;https://www.atacadao.com.br/;2026-03-22 23:31:11
"ketchup";"Ketchup Ekma Minissachê 980g";12,99;980g;Atacadão;https://www.atacadao.com.br/ketchup-ekma-minissache-11548-60371/p;2026-03-22 23:31:11
"ketchup";"Ketchup Tradicional Heinz 397gpartir de 4 unidadesregras";13,69;397g;Tenda Atacado;https://www.tendaatacado.com.br/produto/catchup-tradicional-heinz-397gr-3577;2026-03-22 23:31:11
"ketchup";"Ketchup Campo Belo 3,05kg";13,90;05kg;Atacadão;https://www.atacadao.com.br/ketchup-campo-belo-70839-26246/p;2026-03-22 23:31:11
"ketchup";"Ketchup Heinz Tradicional 397g";13,99;397g;Atacadão;https://www.atacadao.com.br/ketchup-heinz-tradicional-pet-com-397g-36531-26381/p;2026-03-22 23:31:11
"ketchup";"Ketchup Hellmann's Supreme 390g";13,99;390g;Atacadão;https://www.atacadao.com.br/ketchup-hellmann-s-supreme-96431-46436/p;2026-03-22 23:31:11
"ketchup";"Ketchup Tradicional Select 7g 144 Unidadescionar";14,50;7g;Tenda Atacado;https://www.tendaatacado.com.br/produto/ketchup-tradicional-select-7g-144-unidades;2026-03-22 23:31:11
"ketchup";"Ketchup Tradicional Hellmann's Squeeze 380ge 3 Pague 2regras";14,85;380g;Tenda Atacado;https://www.tendaatacado.com.br/produto/ketchup-tradicional-hellmanns-squeeze-380g-4334;2026-03-22 23:31:11
"ketchup";"Ketchup Hemmer Tradicional 1kg";14,99;1kg;Spani Atacadista;https://www.spanionline.com.br/produto/11147/ketchup-hemmer-tradicional-1kg;2026-03-22 23:31:11
"ketchup";"Ketchup Supreme Hellmann's 390ge 3 Pague 2regras";14,99;390g;Tenda Atacado;https://www.tendaatacado.com.br/produto/ketchup-supreme-hellmann-s-390g;2026-03-22 23:31:11
"ketchup";"Ketchup Predilecta Caixa 144 Unidadescionar";14,99;144 un;Tenda Atacado;https://www.tendaatacado.com.br/produto/catchup-trad-pedilecta-sch-144x7g;2026-03-22 23:31:11
"ketchup";"Ketchup Tradicional Cepêra 7g 154 Unidadescionar";15,50;7g;Tenda Atacado;https://www.tendaatacado.com.br/produto/ketchup-tradicional-cepera-7g-154-unidades;2026-03-22 23:31:11
"ketchup";"Ketchup Cepêra Minissachê 154x7g";16,90;7g;Atacadão;https://www.atacadao.com.br/ketchup-cepera-minissache-7283-58128/p;2026-03-22 23:31:11
"ketchup";"Ketchup Hemmer Tradicional 1kg";16,99;1kg;Atacadão;https://www.atacadao.com.br/ketchup-hemmer-tradicional-pet-com-1kg-62425-26418/p;2026-03-22 23:31:11
"ketchup";"Ketchup Tradicional Ekma 3,3Kgcionar";20,90;3kg;Tenda Atacado;https://www.tendaatacado.com.br/produto/ketchup-tradicional-ekma-3-3kg-2071;2026-03-22 23:31:11
"ketchup";"Ketchup Heinz 1,033kg";20,99;033kg;Atacadão;https://www.atacadao.com.br/ketchup-heinz-pet-com-1-033kg-61283-26365/p;2026-03-22 23:31:11
"ketchup";"Ketchup Tradicional Predilecta 3,5Kgcionar";21,90;5kg;Tenda Atacado;https://www.tendaatacado.com.br/produto/ketchup-tradicional-predilecta-3-5kg;2026-03-22 23:31:11
"ketchup";"Ketchup Ekma 3,3kg";22,80;3kg;Atacadão;https://www.atacadao.com.br/ketchup-ekma-23449-26313/p;2026-03-22 23:31:11
"ketchup";"Ketchup Hellmann's Minissachê 168x7g";25,98;7g;Atacadão;https://www.atacadao.com.br/ketchup-hellmann-s-minissache-59579-26390/p;2026-03-22 23:31:11
"ketchup";"Ketchup Hellmann`s Sachê 1,01kg";26,60;01kg;Spani Atacadista;https://www.spanionline.com.br/produto/8316/ketchup-hellmanns-sache-101kg;2026-03-22 23:31:11
"ketchup";"Ketchup Cepêra 3,5kg";28,90;5kg;Atacadão;https://www.atacadao.com.br/ketchup-cepera-big-pump-bombona-com-3-5kg-23977-26255/p;2026-03-22 23:31:11
"ketchup";"Ketchup Tradicional Hellmann's 7g 168 Unidadescionar";30,50;7g;Tenda Atacado;https://www.tendaatacado.com.br/produto/ketchup-tradicional-hellmanns-7g-168-unidades;2026-03-22 23:31:11
"ketchup";"Ketchup Heinz Sachê 7g 144 Unidadescionar";31,50;7g;Tenda Atacado;https://www.tendaatacado.com.br/produto/ketchup-heinz-sache-7g-144-unidades;2026-03-22 23:31:11
"ketchup";"Ketchup Tradicional Cepêra 3,5Kgcionar";32,90;5kg;Tenda Atacado;https://www.tendaatacado.com.br/produto/ketchup-tradicional-cepera-3-5kg-2184;2026-03-22 23:31:11
"ketchup";"Ketchup Heinz Minissachê 144x7g";34,99;7g;Atacadão;https://www.atacadao.com.br/ketchup-heinz-minissache-94074-44347/p;2026-03-22 23:31:11
"macarrão tipo espaguete";"Macarrão Instantâneo Renata Carne 85g";1,69;85g;Spani Atacadista;https://www.spanionline.com.br/produto/1488/macarrao-instantaneo-renata-carne-85g;2026-03-22 23:31:11
"macarrão tipo espaguete";"Macarrão Instantâneo Renata Carne E Tomate 85g";1,69;85g;Spani Atacadista;https://www.spanionline.com.br/produto/1489/macarrao-instantaneo-renata-carne-e-tomate-85g;2026-03-22 23:31:11
"macarrão tipo espaguete";"Macarrão Instantâneo Renata Feijão E Bacon 96g";1,69;96g;Spani Atacadista;https://www.spanionline.com.br/produto/1490/macarrao-instantaneo-renata-feijao-e-bacon-96g;2026-03-22 23:31:11
"macarrão tipo espaguete";"Macarrão Instantâneo Renata Galinha 85g";1,69;85g;Spani Atacadista;https://www.spanionline.com.br/produto/1491/macarrao-instantaneo-renata-galinha-85g;2026-03-22 23:31:11
"macarrão tipo espaguete";"Macarrão Instantâneo Renata Galinha Caipira 85g";1,69;85g;Spani Atacadista;https://www.spanionline.com.br/produto/1492/macarrao-instantaneo-renata-galinha-caipira-85g;2026-03-22 23:31:11
"macarrão tipo espaguete";"Macarrão Instantâneo Renata Legumes 85g";1,69;85g;Spani Atacadista;https://www.spanionline.com.br/produto/1493/macarrao-instantaneo-renata-legumes-85g;2026-03-22 23:31:11
"macarrão tipo espaguete";"Macarrão com Ovos Bulnez Espaguete 500g";1,69;500g;Atacadão;https://www.atacadao.com.br/macarrao-com-ovos-bulnez-espaguete-13217-61648/p;2026-03-22 23:31:11
"macarrão tipo espaguete";"Macarrão com Ovos Floriani Espaguete 500g";2,29;500g;Atacadão;https://www.atacadao.com.br/macarrao-com-ovos-floriani-espaguete-pacote-com-500g-76030-1228/p;2026-03-22 23:31:11
"macarrão tipo espaguete";"Macarrão com Ovos Todeschini Espaguete 500g";2,39;500g;Atacadão;https://www.atacadao.com.br/macarrao-com-ovos-todeschini-espaguete-37487-1505/p;2026-03-22 23:31:11
"macarrão tipo espaguete";"Macarrão Todeschini Sêmola 500g Espaguete";2,59;500g;Spani Atacadista;https://www.spanionline.com.br/produto/2655/macarrao-todeschini-semola-500g-espaguete;2026-03-22 23:31:11
"macarrão tipo espaguete";"Macarrão Instantâneo Nissin Carne 85g";2,59;85g;Spani Atacadista;https://www.spanionline.com.br/produto/1478/macarrao-instantaneo-nissin-carne-85g;2026-03-22 23:31:11
"macarrão tipo espaguete";"Macarrão Instantâneo Nissin Galinha 85g";2,59;85g;Spani Atacadista;https://www.spanionline.com.br/produto/1480/macarrao-instantaneo-nissin-galinha-85g;2026-03-22 23:31:11
"macarrão tipo espaguete";"Macarrão Instantâneo Nissin Galinha Caipira 85g";2,59;85g;Spani Atacadista;https://www.spanionline.com.br/produto/1481/macarrao-instantaneo-nissin-galinha-caipira-85g;2026-03-22 23:31:11
"macarrão tipo espaguete";"Macarrão Instantâneo Nissin Turma Da Monica Carne 85g";2,59;85g;Spani Atacadista;https://www.spanionline.com.br/produto/1483/macarrao-instantaneo-nissin-turma-da-monica-carne-85g;2026-03-22 23:31:11
"macarrão tipo espaguete";"Macarrão Instantâneo Nissin Turma Da Monica Galinha 85g";2,59;85g;Spani Atacadista;https://www.spanionline.com.br/produto/1484/macarrao-instantaneo-nissin-turma-da-monica-galinha-85g;2026-03-22 23:31:11
"macarrão tipo espaguete";"Macarrão Instantâneo Nissin Turma Da Monica Tomate 85g";2,59;85g;Spani Atacadista;https://www.spanionline.com.br/produto/1485/macarrao-instantaneo-nissin-turma-da-monica-tomate-85g;2026-03-22 23:31:11
"macarrão tipo espaguete";"Macarrão com Ovos Dona Benta Espaguete 500g";2,89;500g;Atacadão;https://www.atacadao.com.br/;2026-03-22 23:31:11
"macarrão tipo espaguete";"Macarrão Ovos Espaguete 9 Renata 500gcionar";2,99;500g;Tenda Atacado;https://www.tendaatacado.com.br/produto/macarrao-ovos-espaguete-9-renata-500g-12256;2026-03-22 23:31:11
"macarrão tipo espaguete";"Macarrão Ovos Espaguete 8 Renata 500gcionar";2,99;500g;Tenda Atacado;https://www.tendaatacado.com.br/produto/macarrao-ovos-espaguete-8-renata-500g-10739;2026-03-22 23:31:11
"macarrão tipo espaguete";"Macarrão com Ovos Adria Espaguete 500g";2,99;500g;Atacadão;https://www.atacadao.com.br/macarrao-com-ovos-adria-espaguete-34028-1061/p;2026-03-22 23:31:11
"macarrão tipo espaguete";"Macarrão com Ovos Camil Espaguete 500g";2,99;500g;Atacadão;https://www.atacadao.com.br/macarrao-com-ovos-camil-espaguete-94005-44267/p;2026-03-22 23:31:11
"macarrão tipo espaguete";"Macarrão com Ovos Adria Espaguete Fidelinho 500g";2,99;500g;Atacadão;https://www.atacadao.com.br/macarrao-com-ovos-adria-espaguete-fidelinho-55824-1052/p;2026-03-22 23:31:11
"macarrão tipo espaguete";"Macarrão com Ovos Adria Espaguete Furado 500g";2,99;500g;Atacadão;https://www.atacadao.com.br/macarrao-com-ovos-adria-espaguete-furado-34563-1056/p;2026-03-22 23:31:11
"macarrão tipo espaguete";"Macarrão Dona Benta 500g Sêmola Espaguete";3,19;500g;Spani Atacadista;https://www.spanionline.com.br/produto/1445/macarrao-dona-benta-500g-semola-espaguete;2026-03-22 23:31:11
"macarrão tipo espaguete";"Macarrão Dona Benta 500g Sêmola Parafuso";3,19;500g;Spani Atacadista;https://www.spanionline.com.br/produto/1446/macarrao-dona-benta-500g-semola-parafuso;2026-03-22 23:31:11
"macarrão tipo espaguete";"Macarrão Dona Benta 500g Sêmola Pena";3,19;500g;Spani Atacadista;https://www.spanionline.com.br/produto/1447/macarrao-dona-benta-500g-semola-pena;2026-03-22 23:31:11
"macarrão tipo espaguete";"Macarrão com Ovos Petybon Espaguete 500g";3,29;500g;Atacadão;https://www.atacadao.com.br/macarrao-com-ovos-petybon-espaguete-12576-1381/p;2026-03-22 23:31:11
"macarrão tipo espaguete";"Macarrão com Ovos Renata Espaguete 500g";3,39;500g;Atacadão;https://www.atacadao.com.br/macarrao-com-ovos-renata-espaguete-7647-1433/p;2026-03-22 23:31:11
"macarrão tipo espaguete";"Macarrão Semolado Espaguete 8 Galo 500gpartir de 4 unidadesregras";3,69;8 g;Tenda Atacado;https://www.tendaatacado.com.br/produto/macarrao-semola-galo-espaguete-8-500g-14942;2026-03-22 23:31:11
"macarrão tipo espaguete";"Macarrão Galo Sêmola 500g Espaguete 8";3,79;500g;Spani Atacadista;https://www.spanionline.com.br/produto/1460/macarrao-galo-semola-500g-espaguete-8;2026-03-22 23:31:11
"macarrão tipo espaguete";"Macarrão Galo Sêmola 500g Espaguete 9";3,79;500g;Spani Atacadista;https://www.spanionline.com.br/produto/1461/macarrao-galo-semola-500g-espaguete-9;2026-03-22 23:31:11
"macarrão tipo espaguete";"Macarrão Piraquê Aldente 400g Espaguete";3,79;400g;Spani Atacadista;https://www.spanionline.com.br/produto/11482/macarrao-piraque-aldente-400g-espaguete;2026-03-22 23:31:11
"macarrão tipo espaguete";"Macarrão Galo Sêmola 500g Ave Maria";3,79;500g;Spani Atacadista;https://www.spanionline.com.br/produto/1459/macarrao-galo-semola-500g-ave-maria;2026-03-22 23:31:11
"macarrão tipo espaguete";"Macarrão Galo Sêmola 500g Padre Nosso";3,79;500g;Spani Atacadista;https://www.spanionline.com.br/produto/1462/macarrao-galo-semola-500g-padre-nosso;2026-03-22 23:31:11
"macarrão tipo espaguete";"Macarrão Galo Sêmola 500g Parafuso";3,79;500g;Spani Atacadista;https://www.spanionline.com.br/produto/1463/macarrao-galo-semola-500g-parafuso;2026-03-22 23:31:11
"macarrão tipo espaguete";"Macarrão Galo Sêmola 500g Pena";3,79;500g;Spani Atacadista;https://www.spanionline.com.br/produto/1464/macarrao-galo-semola-500g-pena;2026-03-22 23:31:11
"macarrão tipo espaguete";"Macarrão com Ovos Barilla Espaguete 8 500g";3,79;500g;Atacadão;https://www.atacadao.com.br/macarrao-com-ovos-barilla-espaguete-8-74384-1093/p;2026-03-22 23:31:11
"macarrão tipo espaguete";"Macarrão de Arroz Urbano Espaguete 500g";3,99;500g;Atacadão;https://www.atacadao.com.br/macarrao-de-arroz-urbano-espaguete-pacote-com-500g-61083-1729/p;2026-03-22 23:31:11
"macarrão tipo espaguete";"Macarrão Renata Espaguete 8 500g";4,09;500g;Spani Atacadista;https://www.spanionline.com.br/produto/1505/macarrao-renata-espaguete-8-500g;2026-03-22 23:31:11
"macarrão tipo espaguete";"Macarrão Renata Espaguete 9 500g";4,09;500g;Spani Atacadista;https://www.spanionline.com.br/produto/1506/macarrao-renata-espaguete-9-500g;2026-03-22 23:31:11
"macarrão tipo espaguete";"Macarrão Renata Ave Maria 500g";4,09;500g;Spani Atacadista;https://www.spanionline.com.br/produto/1501/macarrao-renata-ave-maria-500g;2026-03-22 23:31:11
"macarrão tipo espaguete";"Macarrão Renata Concha 500g";4,09;500g;Spani Atacadista;https://www.spanionline.com.br/produto/1504/macarrao-renata-concha-500g;2026-03-22 23:31:11
"macarrão tipo espaguete";"Macarrão Renata Fidelinho 500g";4,09;500g;Spani Atacadista;https://www.spanionline.com.br/produto/1507/macarrao-renata-fidelinho-500g;2026-03-22 23:31:11
"macarrão tipo espaguete";"Macarrão Renata Furadinho 500g";4,09;500g;Spani Atacadista;https://www.spanionline.com.br/produto/1508/macarrao-renata-furadinho-500g;2026-03-22 23:31:11
"macarrão tipo espaguete";"Macarrão Piraquê 500g Ovos Espaguete";5,49;500g;Spani Atacadista;https://www.spanionline.com.br/produto/1498/macarrao-piraque-500g-ovos-espaguete;2026-03-22 23:31:11
"macarrão tipo espaguete";"Macarrão Integral de Arroz Urbano Espaguete 500g";5,69;500g;Atacadão;https://www.atacadao.com.br/macarrao-integral-de-arroz-urbano-espaguete-72826-3468/p;2026-03-22 23:31:11
"macarrão tipo espaguete";"Macarrão Renata Grano Duro Espaguete 8 500g";6,29;500g;Spani Atacadista;https://www.spanionline.com.br/produto/1509/macarrao-renata-grano-duro-espaguete-8-500g;2026-03-22 23:31:11
"macarrão tipo espaguete";"Macarrão Todeschini 1kg Sêmola Espaguete";6,39;1kg;Spani Atacadista;https://www.spanionline.com.br/produto/1526/macarrao-todeschini-1kg-semola-espaguete;2026-03-22 23:31:11
"macarrão tipo espaguete";"Macarrão Dona Benta 1kg Sêmola Espaguete";6,49;1kg;Spani Atacadista;https://www.spanionline.com.br/produto/1444/macarrao-dona-benta-1kg-semola-espaguete;2026-03-22 23:31:11
"macarrão tipo espaguete";"Macarrão Galo 1kg Sêmola Parafuso";6,49;1kg;Spani Atacadista;https://www.spanionline.com.br/produto/1458/macarrao-galo-1kg-semola-parafuso;2026-03-22 23:31:11
"macarrão tipo espaguete";"Macarrão Grano Duro Adria Espaguete 500g";6,49;500g;Atacadão;https://www.atacadao.com.br/macarrao-grano-duro-adria-espaguete-pacote-com-500g-26741-2709/p;2026-03-22 23:31:11
"macarrão tipo espaguete";"Macarrão Renata 500g Lasanha";6,79;500g;Spani Atacadista;https://www.spanionline.com.br/produto/1499/macarrao-renata-500g-lasanha;2026-03-22 23:31:11
"macarrão tipo espaguete";"Macarrão Galo 1kg Sêmola Espaguete";6,99;1kg;Spani Atacadista;https://www.spanionline.com.br/produto/1455/macarrao-galo-1kg-semola-espaguete;2026-03-22 23:31:11
"macarrão tipo espaguete";"Macarrão Galo 1kg Sêmola Furadinho";6,99;1kg;Spani Atacadista;https://www.spanionline.com.br/produto/1456/macarrao-galo-1kg-semola-furadinho;2026-03-22 23:31:11
"macarrão tipo espaguete";"Macarrão Renata Caseiro Talharim 2 500g";7,59;500g;Spani Atacadista;https://www.spanionline.com.br/produto/1502/macarrao-renata-caseiro-talharim-2-500g;2026-03-22 23:31:11
"macarrão tipo espaguete";"Macarrão Renata Caseiro Talharim 3 500g";7,59;500g;Spani Atacadista;https://www.spanionline.com.br/produto/1503/macarrao-renata-caseiro-talharim-3-500g;2026-03-22 23:31:11
"macarrão tipo espaguete";"Macarrão Instantâneo Tipo Espaguete Nissin 500gpartir de 6 unidadesregras";11,45;500g;Tenda Atacado;https://www.tendaatacado.com.br/produto/macarrao-instantaneo-tipo-espaguete-nissin-500g-16572;2026-03-22 23:31:11
"molho de tomate";"Molho de Tomate Tomadoro 300g";1,29;300g;Atacadão;https://www.atacadao.com.br/molho-de-tomate-tomadoro-96767-47781/p;2026-03-22 23:31:11
"molho de tomate";"Molho de Tomate Cica Pomodoro Tradicional 300g";1,29;300g;Atacadão;https://www.atacadao.com.br/molho-de-tomate-cica-pomodoro-tradicional-70140-12799/p;2026-03-22 23:31:11
"molho de tomate";"Molho de Tomate Predilecta Tradicional 300g";1,45;300g;Atacadão;https://www.atacadao.com.br/molho-de-tomate-predilecta-tradicional-pouch-com-300g-75071-13342/p;2026-03-22 23:31:11
"molho de tomate";"Molho de Tomate Quero Tradicional 240g";1,49;240g;Atacadão;https://www.atacadao.com.br/molho-de-tomate-quero-tradicional-1869-55558/p;2026-03-22 23:31:11
"molho de tomate";"Molho de Tomate Sófruta Tradicional 300g";1,49;300g;Atacadão;https://www.atacadao.com.br/molho-de-tomate-sofruta-tradicional-75069-13540/p;2026-03-22 23:31:11
"molho de tomate";"Molho de Tomate Bonare Tradicional 300g";1,55;300g;Atacadão;https://www.atacadao.com.br/molho-de-tomate-bonare-tradicional-pouch-com-300g-78241-12735/p;2026-03-22 23:31:11
"molho de tomate";"Molho de Tomate Tradicional Sachê Stella D'Oro 300gpartir de 4 unidadesregras";1,59;300g;Tenda Atacado;https://www.tendaatacado.com.br/produto/molho-de-tomate-tradicional-sache-stella-d-oro-300g;2026-03-22 23:31:11
"molho de tomate";"Molho de Tomate Tarantella Tradicional 300g";1,69;300g;Atacadão;https://www.atacadao.com.br/molho-de-tomate-tarantella-tradicional-75547-13677/p;2026-03-22 23:31:11
"molho de tomate";"AnúncioMolho de Tomate Refogado Select 300gpartir de 4 unidadesregras";1,75;300g;Tenda Atacado;https://www.tendaatacado.com.br/produto/molho-de-tomate-refogado-select-300g;2026-03-22 23:31:11
"molho de tomate";"Molho de Tomate Fugini Tradicional 300g";1,79;300g;Atacadão;https://www.atacadao.com.br/molho-de-tomate-fugini-tradicional-72245-12924/p;2026-03-22 23:31:11
"molho de tomate";"Molho de Tomate Salsaretti Tradicional 300g";1,85;300g;Atacadão;https://www.atacadao.com.br/molho-de-tomate-salsaretti-tradicional-81057-38763/p;2026-03-22 23:31:11
"molho de tomate";"Molho de Tomate Tradicional Refogado Fugini 300gpartir de 4 unidadesregras";1,89;300g;Tenda Atacado;https://www.tendaatacado.com.br/produto/molho-de-tomate-tradicional-refogado-fugini-300g-1982;2026-03-22 23:31:11
"molho de tomate";"Molho de Tomate Tradicional Salsaretti 300gpartir de 4 unidadesregras";1,99;300g;Tenda Atacado;https://www.tendaatacado.com.br/produto/molho-de-tomate-tradicional-salsaretti-300g;2026-03-22 23:31:11
"molho de tomate";"Molho de Tomate Tradicional Refogado Quero 240gpartir de 4 unidadesregras";2,09;240g;Tenda Atacado;https://www.tendaatacado.com.br/produto/molho-de-tomate-tradicional-refogado-quero-240g;2026-03-22 23:31:11
"molho de tomate";"Molho de Tomate Tradicional Refogado Tarantella 300gpartir de 4 unidadesregras";2,15;300g;Tenda Atacado;https://www.tendaatacado.com.br/produto/molho-de-tomate-tradicional-refogado-tarantella-300g;2026-03-22 23:31:11
"molho de tomate";"Molho De Alho Oruam 150ml";2,49;150ml;Spani Atacadista;https://www.spanionline.com.br/produto/2690/molho-de-alho-oruam-150ml;2026-03-22 23:31:11
"molho de tomate";"Molho De Pimenta Oruam 150ml";2,49;150ml;Spani Atacadista;https://www.spanionline.com.br/produto/2693/molho-de-pimenta-oruam-150ml;2026-03-22 23:31:11
"molho de tomate";"Molho Oruam Inglês 150ml";2,49;150ml;Spani Atacadista;https://www.spanionline.com.br/produto/2729/molho-oruam-ingles-150ml;2026-03-22 23:31:11
"molho de tomate";"Molho de Tomate Heinz Tradicional 240g";2,89;240g;Atacadão;https://www.atacadao.com.br/molho-de-tomate-heinz-tradicional-1866-55556/p;2026-03-22 23:31:11
"molho de tomate";"Molho de Tomate Pomarola Tradicional 300g";2,99;300g;Atacadão;https://www.atacadao.com.br/molho-de-tomate-pomarola-tradicional-78087-13249/p;2026-03-22 23:31:11
"molho de tomate";"Molho de Tomate com Pedaços Tradicional Heinz 240gpartir de 4 unidadesregras";3,09;240g;Tenda Atacado;https://www.tendaatacado.com.br/produto/molho-de-tomate-com-pedacos-tradicional-heinz-240g;2026-03-22 23:31:11
"molho de tomate";"Molho de Tomate à Bolonhesa Heinz 240gcionar";3,39;240g;Tenda Atacado;https://www.tendaatacado.com.br/produto/molho-de-tomate-a-bolonhesa-heinz-240g;2026-03-22 23:31:11
"molho de tomate";"Molho de Tomate com Azeitona Heinz 240gcionar";3,39;240g;Tenda Atacado;https://www.tendaatacado.com.br/produto/molho-de-tomate-com-azeitona-heinz-240g;2026-03-22 23:31:11
"molho de tomate";"Molho de Tomate com Manjericão Heinz 240gcionar";3,39;240g;Tenda Atacado;https://www.tendaatacado.com.br/produto/molho-de-tomate-com-manjericao-heinz-240g;2026-03-22 23:31:11
"molho de tomate";"Molho De Pimenta Caseiro Oruam 150ml";3,59;150ml;Spani Atacadista;https://www.spanionline.com.br/produto/2691/molho-de-pimenta-caseiro-oruam-150ml;2026-03-22 23:31:11
"molho de tomate";"Molho de Tomate Pomarola Passata 300g";4,09;300g;Atacadão;https://www.atacadao.com.br/molho-de-tomate-pomarola-passata-86920-13225/p;2026-03-22 23:31:11
"molho de tomate";"Molho de Tomate com Azeitona Salsaretti 300gpartir de 4 unidadesregras";4,19;300g;Tenda Atacado;https://www.tendaatacado.com.br/produto/molho-de-tomate-com-azeitona-salsaretti-300g;2026-03-22 23:31:11
"molho de tomate";"Molho Para Salada Oruam Rose 240ml";5,09;240ml;Spani Atacadista;https://www.spanionline.com.br/produto/160/molho-para-salada-oruam-rose-240ml;2026-03-22 23:31:11
"molho de tomate";"Molho Para Salada Oruam Itália 240ml";5,09;240ml;Spani Atacadista;https://www.spanionline.com.br/produto/2736/molho-para-salada-oruam-italia-240ml;2026-03-22 23:31:11
"molho de tomate";"Molho Para Salada Oruam Limão 240ml";5,09;240ml;Spani Atacadista;https://www.spanionline.com.br/produto/2737/molho-para-salada-oruam-limao-240ml;2026-03-22 23:31:11
"molho de tomate";"Molho Branco Predilecta Sachê 240g";5,19;240g;Spani Atacadista;https://www.spanionline.com.br/produto/2689/molho-branco-predilecta-sache-240g;2026-03-22 23:31:11
"molho de tomate";"Molho De Pimenta Quero 150ml";5,29;150ml;Spani Atacadista;https://www.spanionline.com.br/produto/2694/molho-de-pimenta-quero-150ml;2026-03-22 23:31:11
"molho de tomate";"Molho de Tomate Polpa Pomodoro 520gpartir de 4 unidadesregras";7,25;520g;Tenda Atacado;https://www.tendaatacado.com.br/produto/molho-de-tomate-polpa-pomodoro-520g-5857;2026-03-22 23:31:11
"molho de tomate";"Molho Kitano Alho 150ml";7,69;150ml;Spani Atacadista;https://www.spanionline.com.br/produto/2722/molho-kitano-alho-150ml;2026-03-22 23:31:11
"molho de tomate";"Molho Kitano Inglês 150ml";7,69;150ml;Spani Atacadista;https://www.spanionline.com.br/produto/2723/molho-kitano-ingles-150ml;2026-03-22 23:31:11
"molho de tomate";"Molho Kitano Pimenta 150ml";7,69;150ml;Spani Atacadista;https://www.spanionline.com.br/produto/2724/molho-kitano-pimenta-150ml;2026-03-22 23:31:11
"molho de tomate";"Molho De Pimenta Knorr 150ml";8,09;150ml;Spani Atacadista;https://www.spanionline.com.br/produto/2692/molho-de-pimenta-knorr-150ml;2026-03-22 23:31:11
"molho de tomate";"Molho de Tomate Tradicional Fugini 1,7kgpartir de 2 unidadesregras";9,40;7kg;Tenda Atacado;https://www.tendaatacado.com.br/produto/molho-de-tomate-tradicional-fugini-1-7kg;2026-03-22 23:31:11
"molho de tomate";"Molho de Tomate Tradicional Tarantella 1,7kgcionar";10,50;7kg;Tenda Atacado;https://www.tendaatacado.com.br/produto/molho-de-tomate-tradicional-tarantella-1-7kg;2026-03-22 23:31:11
"molho de tomate";"Molho Para Salada Liza Caseiro 234ml";11,29;234ml;Spani Atacadista;https://www.spanionline.com.br/produto/2732/molho-para-salada-liza-caseiro-234ml;2026-03-22 23:31:11
"molho de tomate";"Molho Para Salada Liza Limão 234ml";11,29;234ml;Spani Atacadista;https://www.spanionline.com.br/produto/2733/molho-para-salada-liza-limao-234ml;2026-03-22 23:31:11
"molho de tomate";"Molho Para Salada Liza Queijo 234ml";11,29;234ml;Spani Atacadista;https://www.spanionline.com.br/produto/2734/molho-para-salada-liza-queijo-234ml;2026-03-22 23:31:11
"molho de tomate";"Molho Para Salada Liza Rose 234ml";11,29;234ml;Spani Atacadista;https://www.spanionline.com.br/produto/2735/molho-para-salada-liza-rose-234ml;2026-03-22 23:31:11
"molho de tomate";"AnúncioMolho de Tomate para Pizza Select 1,7kgpartir de 2 unidadesregras";11,49;7kg;Tenda Atacado;https://www.tendaatacado.com.br/produto/molho-de-tomate-para-pizza-select-1-7kg;2026-03-22 23:31:11
"molho de tomate";"Molho de Tomate Tradicional Quero Sachê 2kgcionar";11,60;2kg;Tenda Atacado;https://www.tendaatacado.com.br/produto/molho-tom-trad-quero-sch-2kg;2026-03-22 23:31:11
"molho de tomate";"AnúncioMolho de Tomate Tradicional Select 1,7kgpartir de 2 unidadesregras";12,09;7kg;Tenda Atacado;https://www.tendaatacado.com.br/produto/molho-de-tomate-tradicional-select-1-7kg;2026-03-22 23:31:11
"molho de tomate";"Molho de Tomate Tradicional Select 1,7kgpartir de 2 unidadesregras";12,09;7kg;Tenda Atacado;https://www.tendaatacado.com.br/produto/molho-de-tomate-tradicional-select-1-7kg;2026-03-22 23:31:11
"molho de tomate";"Molho de Tomate Tradicional Predilecta 1,7Kgcionar";12,30;7kg;Tenda Atacado;https://www.tendaatacado.com.br/produto/molho-de-tomate-tradicional-predilecta-1-7kg;2026-03-22 23:31:11
"molho de tomate";"Molho De Tomate Predilecta Pizza 1.7kg Un";12,90;7kg;Spani Atacadista;https://www.spanionline.com.br/produto/9647/molho-de-tomate-predilecta-pizza-17kg-un;2026-03-22 23:31:11
"molho de tomate";"Molho de Tomate Oliva Salsaretti 500gpartir de 4 unidadesregras";13,59;500g;Tenda Atacado;https://www.tendaatacado.com.br/produto/molho-de-tomate-oliva-salsaretti-500g-32592;2026-03-22 23:31:11
"molho de tomate";"Molho de Tomate Basílico Salsaretti 500gpartir de 4 unidadesregras";13,59;500g;Tenda Atacado;https://www.tendaatacado.com.br/produto/molho-de-tomate-basilico-salsaretti-500g-32590;2026-03-22 23:31:11
"molho de tomate";"Molho de Tomate Heinz Tradicional 1,020kg";13,98;020kg;Atacadão;https://www.atacadao.com.br/molho-de-tomate-heinz-tradicional-52597-12960/p;2026-03-22 23:31:11
"molho de tomate";"Molho de Tomate Rústico Oliva Heinz 320gpartir de 4 unidadesregras";16,29;320g;Tenda Atacado;https://www.tendaatacado.com.br/produto/molho-de-tomate-rustico-oliva-heinz-320g;2026-03-22 23:31:11
"molho de tomate";"Molho de Tomate Rústico Tradicional Heinz 320gpartir de 4 unidadesregras";16,29;320g;Tenda Atacado;https://www.tendaatacado.com.br/produto/molho-de-tomate-rustico-tradicional-heinz-320g;2026-03-22 23:31:11
"molho de tomate";"Molho de Tomate Pomarola Chef Passata 700g";17,90;700g;Atacadão;https://www.atacadao.com.br/molho-de-tomate-pomarola-chef-passata-75542-13206/p;2026-03-22 23:31:11
"molho de tomate";"Molho Heinz Barbecue 397g";27,69;397g;Spani Atacadista;https://www.spanionline.com.br/produto/2720/molho-heinz-barbecue-397g;2026-03-22 23:31:11
"mostarda";"Mostarda Campo Belo 200g";2,49;200g;Atacadão;https://www.atacadao.com.br/mostarda-campo-belo-70849-15267/p;2026-03-22 23:31:11
"mostarda";"Mostarda Predilecta 180g";4,49;180g;Spani Atacadista;https://www.spanionline.com.br/produto/168/mostarda-predilecta-180g;2026-03-22 23:31:11
"mostarda";"Molho de Mostarda Quero 190g";5,59;190g;Atacadão;https://www.atacadao.com.br/molho-de-mostarda-quero-1345-12354/p;2026-03-22 23:31:11
"mostarda";"Mostarda Tradicional Quero 190gpartir de 4 unidadesregras";5,79;190g;Tenda Atacado;https://www.tendaatacado.com.br/produto/mostarda-tradicional-quero-190g-27488;2026-03-22 23:31:11
"mostarda";"Molho para Salada Kisabor Mostarda e Mel 240ml";5,79;240ml;Atacadão;https://www.atacadao.com.br/molho-para-salada-kisabor-mostarda-e-mel-45827-14105/p;2026-03-22 23:31:11
"mostarda";"Molho de Mostarda Cepêra 200g";5,99;200g;Atacadão;https://www.atacadao.com.br/molho-de-mostarda-cepera-7019-12189/p;2026-03-22 23:31:11
"mostarda";"Mostarda Tradicional Elefante 180g cionar";6,59;180g;Tenda Atacado;https://www.tendaatacado.com.br/produto/mostarda-tradicional-elefante-180g;2026-03-22 23:31:11
"mostarda";"Mostarda Tradicional Cepêra 200gpartir de 4 unidadesregras";6,59;200g;Tenda Atacado;https://www.tendaatacado.com.br/produto/mostarda-tradicional-cepera-200g-11059;2026-03-22 23:31:11
"mostarda";"Mostarda Select 180gpartir de 4 unidadesregras";6,89;180g;Tenda Atacado;https://www.tendaatacado.com.br/produto/mostarda-select-180g;2026-03-22 23:31:11
"mostarda";"Mostarda Elefante 180g";7,60;180g;Atacadão;https://www.atacadao.com.br/mostarda-elefante-76711-15288/p;2026-03-22 23:31:11
"mostarda";"Mostarda Tradicional Ekma 950gcionar";7,99;950g;Tenda Atacado;https://www.tendaatacado.com.br/produto/mostarda-tradicional-ekma-950g-16890;2026-03-22 23:31:11
"mostarda";"Molho de Mostarda Hellmann’s Tradicional 170g";8,79;170g;Atacadão;https://www.atacadao.com.br/molho-de-mostarda-hellmann%E2%80%99s-tradicional-46502-12303/p;2026-03-22 23:31:11
"mostarda";"Mostarda Cepêra Amarela 350ml";9,90;350ml;Atacadão;https://www.atacadao.com.br/mostarda-cepera-amarela-63704-15276/p;2026-03-22 23:31:11
"mostarda";"Mostarda Bonare Com Mel 190g";9,90;190g;Atacadão;https://www.atacadao.com.br/mostarda-bonare-com-mel-91229-40890/p;2026-03-22 23:31:11
"mostarda";"Mostarda Cepêra 1.01kg";9,99;01kg;Spani Atacadista;https://www.spanionline.com.br/produto/5078/mostarda-cepera-101kg;2026-03-22 23:31:11
"mostarda";"Molho de Mostarda Hemmer 200g";9,99;200g;Atacadão;https://www.atacadao.com.br/molho-de-mostarda-hemmer-bisnaga-com-200g-46186-12311/p;2026-03-22 23:31:11
"mostarda";"Mostarda Hellmann`s 170g";10,29;170g;Spani Atacadista;https://www.spanionline.com.br/produto/166/mostarda-hellmanns-170g;2026-03-22 23:31:11
"mostarda";"Produto indisponível Mostarda Quero 190g";10,29;190g;Spani Atacadista;https://www.spanionline.com.br/produto/169/mostarda-quero-190g;2026-03-22 23:31:11
"mostarda";"Produto indisponível Mostarda Heinz 255g";10,29;255g;Spani Atacadista;https://www.spanionline.com.br/produto/165/mostarda-heinz-255g;2026-03-22 23:31:11
"mostarda";"Produto indisponível Bisnaga 3x1 Tok - Catchup/mostarda/maionese";10,29;und;Spani Atacadista;https://www.spanionline.com.br/produto/1414/bisnaga-3x1-tok-catchupmostardamaionese;2026-03-22 23:31:11
"mostarda";"Molho de Mostarda Cepêra 1,01L";10,29;01l;Atacadão;https://www.atacadao.com.br/molho-de-mostarda-cepera-30029-12185/p;2026-03-22 23:31:11
"mostarda";"Molho Cepêra Mostarda com Mel 400g";11,99;400g;Atacadão;https://www.atacadao.com.br/molho-cepera-mostarda-com-mel-bisnaga-com-400g-71848-12026/p;2026-03-22 23:31:11
"mostarda";"Mostarda Tradicional Cepêra 1,01Lcionar";12,25;01l;Tenda Atacado;https://www.tendaatacado.com.br/produto/mostarda-tradicional-cepera-1-01l-6897;2026-03-22 23:31:11
"mostarda";"Mostarda Amarela Tradicional Supreme Hellmann's 250ge 3 Pague 2regras";12,45;250g;Tenda Atacado;https://www.tendaatacado.com.br/produto/mostarda-amarela-tradicional-supreme-hellmann-s-250g;2026-03-22 23:31:11
"mostarda";"Mostarda Ekma Minissachê 140x7g";12,99;7g;Atacadão;https://www.atacadao.com.br/mostarda-ekma-minissache-11547-60370/p;2026-03-22 23:31:11
"mostarda";"Mostarda Tradicional Ekma Sache 7g - Pacote com 140 Unidadescionar";13,60;7g;Tenda Atacado;https://www.tendaatacado.com.br/produto/mostarda-tradicional-ekma-sache-7g-pacote-com-140-unidades;2026-03-22 23:31:11
"mostarda";"Mostarda Campo Belo 3,05kg";13,90;05kg;Atacadão;https://www.atacadao.com.br/mostarda-campo-belo-70850-15270/p;2026-03-22 23:31:11
"mostarda";"Coxinha da Asa de Frango Temperada Molho Mostarda Perdigão Na Brasa 800gpartir de 9 unidadesregras";14,90;800g;Tenda Atacado;https://www.tendaatacado.com.br/produto/coxinha-da-asa-de-frango-congelada-nabrasa-perdigao-molho-mostarda-800g;2026-03-22 23:31:11
"mostarda";"Mostarda Sachê Predilecta 7g 144 Unidadescionar";16,00;7g;Tenda Atacado;https://www.tendaatacado.com.br/produto/mostarda-predilecta-sch-144x5g;2026-03-22 23:31:11
"mostarda";"Mostarda Konsumo 3,02kg";16,90;02kg;Spani Atacadista;https://www.spanionline.com.br/produto/8299/mostarda-konsumo-302kg;2026-03-22 23:31:11
"mostarda";"Molho de Mostarda Heinz 255g";16,99;255g;Atacadão;https://www.atacadao.com.br/molho-de-mostarda-heinz-pet-com-255g-36529-12293/p;2026-03-22 23:31:11
"mostarda";"Mostarda Tradicional Heinz 255gpartir de 4 unidadesregras";17,69;255g;Tenda Atacado;https://www.tendaatacado.com.br/produto/mostarda-tradicional-heinz-255g;2026-03-22 23:31:11
"mostarda";"Mostarda Campo Belo 3,05kgcionar";17,90;05kg;Tenda Atacado;https://www.tendaatacado.com.br/produto/mostarda-campo-belo-3-05kg;2026-03-22 23:31:11
"mostarda";"Salgadinho Mostarda Doritos 110gpartir de 4 unidadesregras";18,30;110g;Tenda Atacado;https://www.tendaatacado.com.br/produto/salgadinho-mostarda-doritos-110g;2026-03-22 23:31:11
"mostarda";"Mostarda Cepera Sache 175x7g";19,79;7g;Spani Atacadista;https://www.spanionline.com.br/produto/14839/mostarda-cepera-sache-175x7g;2026-03-22 23:31:11
"mostarda";"Mostarda Hemmer 1kg";19,89;1kg;Spani Atacadista;https://www.spanionline.com.br/produto/11149/mostarda-hemmer-1kg;2026-03-22 23:31:11
"mostarda";"Mostarda Amarela Cepêra 7g 154 Unidadescionar";20,60;7g;Tenda Atacado;https://www.tendaatacado.com.br/produto/mostarda-amarela-cepera-7g-154-unidades;2026-03-22 23:31:11
"mostarda";"Mostarda Tradicional Hemmer 1kgcionar";22,50;1kg;Tenda Atacado;https://www.tendaatacado.com.br/produto/mostarda-tradicional-hemmer-1kg-20250;2026-03-22 23:31:11
"mostarda";"Mostarda Hemmer 1kg";22,99;1kg;Atacadão;https://www.atacadao.com.br/;2026-03-22 23:31:11
"mostarda";"Mostarda Hellmann's Minissachê 168x7g";25,98;7g;Atacadão;https://www.atacadao.com.br/mostarda-hellmann-s-minissache-59581-15292/p;2026-03-22 23:31:11
"mostarda";"Mostarda Cepêra 3.3kg";28,79;3kg;Spani Atacadista;https://www.spanionline.com.br/produto/5079/mostarda-cepera-33kg;2026-03-22 23:31:11
"mostarda";"Molho de Mostarda Cepêra 3,3kg";28,90;3kg;Atacadão;https://www.atacadao.com.br/molho-de-mostarda-cepera-23978-12195/p;2026-03-22 23:31:11
"mostarda";"Mostarda Hellmann`s Sachê 168x7g";29,90;7g;Spani Atacadista;https://www.spanionline.com.br/produto/5084/mostarda-hellmanns-sache-168x7g;2026-03-22 23:31:11
"mostarda";"Mostarda Tradicional Cepêra 3,3Kgcionar";31,90;3kg;Tenda Atacado;https://www.tendaatacado.com.br/produto/mostarda-tradicional-cepera-3-3kg-18113;2026-03-22 23:31:11
"mostarda";"Mostarda Tradicional Heinz 144x5gcionar";32,89;5g;Tenda Atacado;https://www.tendaatacado.com.br/produto/mostarda-tradicional-heinz-144x5g-22801;2026-03-22 23:31:11
"mostarda";"Mostarda Predilecta 3,3Kgcionar";33,60;3kg;Tenda Atacado;https://www.tendaatacado.com.br/produto/mostarda-predilecta-3-3kg;2026-03-22 23:31:11
"óleo de soja";"Sabonete De Barra Palmolive Naturals Envoltório 150g Camélia Óleo Nutritivo";2,49;150g;Spani Atacadista;https://www.spanionline.com.br/produto/11413/sabonete-de-barra-palmolive-naturals-envoltorio-150g-camelia-oleo-nutritivo;2026-03-22 23:31:11
"óleo de soja";"Sabonete Pom Pom 70g Óleo De Amêndoas";3,19;70g;Spani Atacadista;https://www.spanionline.com.br/produto/6772/sabonete-pom-pom-70g-oleo-de-amendoas;2026-03-22 23:31:11
"óleo de soja";"Chocolate Snickers Dark 42gpartir de 240 unidadesregras";4,29;42g;Tenda Atacado;https://www.tendaatacado.com.br/produto/chocolate-snickers-dark-42g;2026-03-22 23:31:11
"óleo de soja";"Sardinha Pescador 125g Em Óleo";4,79;125g;Spani Atacadista;https://www.spanionline.com.br/produto/13580/sardinha-pescador-125g-em-oleo;2026-03-22 23:31:11
"óleo de soja";"Sardinha Gomes Da Costa Óleo 125g";5,09;125g;Spani Atacadista;https://www.spanionline.com.br/produto/238/sardinha-gomes-da-costa-oleo-125g;2026-03-22 23:31:11
"óleo de soja";"Sardinha Coqueiro Óleo 125g";5,19;125g;Spani Atacadista;https://www.spanionline.com.br/produto/234/sardinha-coqueiro-oleo-125g;2026-03-22 23:31:11
"óleo de soja";"Macarrão Renata Integral Fusili 500g";6,09;500g;Spani Atacadista;https://www.spanionline.com.br/produto/1518/macarrao-renata-integral-fusili-500g;2026-03-22 23:31:11
"óleo de soja";"Macarrão Renata Integral Espaguete 8 500g";6,09;500g;Spani Atacadista;https://www.spanionline.com.br/produto/1516/macarrao-renata-integral-espaguete-8-500g;2026-03-22 23:31:11
"óleo de soja";"Molho De Soja Yakissoba Predilecta 300g";6,09;300g;Spani Atacadista;https://www.spanionline.com.br/produto/2697/molho-de-soja-yakissoba-predilecta-300g;2026-03-22 23:31:11
"óleo de soja";"Shampoo Palmolive Naturals Nutri Liss 350ml";6,50;350ml;Atacadão;https://www.atacadao.com.br/shampoo-palmolive-naturals-nutri-liss-8427-21377/p;2026-03-22 23:31:11
"óleo de soja";"Óleo de Soja Coamo 900mlcionar";6,89;900ml;Tenda Atacado;https://www.tendaatacado.com.br/produto/oleo-de-soja-coamo-900ml-726;2026-03-22 23:31:11
"óleo de soja";"Óleo do Soja Vitaliv 900mlpartir de 4 unidadesregras";6,99;900ml;Tenda Atacado;https://www.tendaatacado.com.br/produto/oleo-do-soja-vitaliv-900ml;2026-03-22 23:31:11
"óleo de soja";"Óleo De Soja Liza 900mlpartir de 4 unidadesregras";7,25;900ml;Tenda Atacado;https://www.tendaatacado.com.br/produto/oleo-de-soja-liza-900ml-1094;2026-03-22 23:31:11
"óleo de soja";"Óleo de Soja Soya Pet 900mlpartir de 4 unidadesregras Produto indisponível";7,29;900ml;Tenda Atacado;https://www.tendaatacado.com.br/produto/oleo-de-soja-soya-pet-900ml-1291;2026-03-22 23:31:11
"óleo de soja";"Sopão Maggi Carne com Legumes 200gduto indisponível";7,39;200g;Tenda Atacado;https://www.tendaatacado.com.br/produto/sopao-maggi-carne-com-legumes-200g;2026-03-22 23:31:11
"óleo de soja";"Óleo de Soja Liza 900ml";7,39;900ml;Atacadão;https://www.atacadao.com.br/oleo-de-soja-liza-69520-38477/p;2026-03-22 23:31:11
"óleo de soja";"Óleo De Soja Liza 900ml Pet";7,79;900ml;Spani Atacadista;https://www.spanionline.com.br/produto/1371/oleo-de-soja-liza-900ml-pet;2026-03-22 23:31:11
"óleo de soja";"Óleo De Soja Soya 900ml Pet";7,99;900ml;Spani Atacadista;https://www.spanionline.com.br/produto/1372/oleo-de-soja-soya-900ml-pet;2026-03-22 23:31:11
"óleo de soja";"Bebida De Soja Ades 1l Uva";7,99;1l;Spani Atacadista;https://www.spanionline.com.br/produto/8267/bebida-de-soja-ades-1l-uva;2026-03-22 23:31:11
"óleo de soja";"Bebida De Soja Ades 1l Maça";7,99;1l;Spani Atacadista;https://www.spanionline.com.br/produto/8265/bebida-de-soja-ades-1l-maca;2026-03-22 23:31:11
"óleo de soja";"Bebida De Soja Ades 1l Abacaxi";7,99;1l;Spani Atacadista;https://www.spanionline.com.br/produto/8263/bebida-de-soja-ades-1l-abacaxi;2026-03-22 23:31:11
"óleo de soja";"Atum Pescador Sólido 140g Óleo";8,79;140g;Spani Atacadista;https://www.spanionline.com.br/produto/13596/atum-pescador-solido-140g-oleo;2026-03-22 23:31:11
"óleo de soja";"Atum Ralado Gomes Da Costa 170g Óleo";9,09;170g;Spani Atacadista;https://www.spanionline.com.br/produto/2782/atum-ralado-gomes-da-costa-170g-oleo;2026-03-22 23:31:11
"óleo de soja";"Óleo de Girassol Soya 900ml";9,98;900ml;Atacadão;https://www.atacadao.com.br/oleo-soya-girassol-60621-16886/p;2026-03-22 23:31:11
"óleo de soja";"Maionese Verde Ervas NBA Boston Celtics Hellmanns Squeeze 335ge 3 Pague 2regras";10,39;335g;Tenda Atacado;https://www.tendaatacado.com.br/produto/maionese-bost-celt-vd-ervas-hellma-335g;2026-03-22 23:31:11
"óleo de soja";"Sabonete Líquido Palmolive Naturals 500ml Óleo De Amêndoas";10,49;500ml;Spani Atacadista;https://www.spanionline.com.br/produto/6708/sabonete-liquido-palmolive-naturals-500ml-oleo-de-amendoas;2026-03-22 23:31:11
"óleo de soja";"Shampoo Palmolive Naturals Hialurônico 650ml";10,50;650ml;Atacadão;https://www.atacadao.com.br/shampoo-palmolive-naturals-hialuronico-83795-21341/p;2026-03-22 23:31:11
"óleo de soja";"Shampoo Palmolive Naturals Ceramidas Force 650ml";10,50;650ml;Atacadão;https://www.atacadao.com.br/shampoo-palmolive-naturals-ceramidas-force-76876-21358/p;2026-03-22 23:31:11
"óleo de soja";"Maionese Bacon Sinistro Stranger Things Hellmann's 335ge 3 Pague 2regras";10,55;335g;Tenda Atacado;https://www.tendaatacado.com.br/produto/maionese-bacon-sinistro-stranger-things-hellmann-s-335g;2026-03-22 23:31:11
"óleo de soja";"Chocotrio Nestlé Chocolate 90gpartir de 4 unidadesregras";10,69;90g;Tenda Atacado;https://www.tendaatacado.com.br/produto/chocotrio-nestle-chocolate-90g;2026-03-22 23:31:11
"óleo de soja";"Filé De Sardinha Gomes Da Costa Em Óleo 125g";11,29;125g;Spani Atacadista;https://www.spanionline.com.br/produto/1740/file-de-sardinha-gomes-da-costa-em-oleo-125g;2026-03-22 23:31:11
"óleo de soja";"Atum Pedaço Gomes Da Costa 170g Óleo";11,29;170g;Spani Atacadista;https://www.spanionline.com.br/produto/2779/atum-pedaco-gomes-da-costa-170g-oleo;2026-03-22 23:31:11
"óleo de soja";"Atum Sólido Coqueiro 170g Óleo";11,49;170g;Spani Atacadista;https://www.spanionline.com.br/produto/2786/atum-solido-coqueiro-170g-oleo;2026-03-22 23:31:11
"óleo de soja";"Óleo de Canola Soya 900ml";11,59;900ml;Atacadão;https://www.atacadao.com.br/oleo-de-canola-soya-60620-16115/p;2026-03-22 23:31:11
"óleo de soja";"Óleo Composto Maria Tradicional 200ml Lata";11,89;200ml;Spani Atacadista;https://www.spanionline.com.br/produto/173/oleo-composto-maria-tradicional-200ml-lata;2026-03-22 23:31:11
"óleo de soja";"Óleo Misto de Soja e Oliva St. Isabel 500ml";11,90;500ml;Atacadão;https://www.atacadao.com.br/oleo-misto-de-soja-e-oliva-st--isabel-vidro-com-500ml-57040-16850/p;2026-03-22 23:31:11
"óleo de soja";"Óleo Soya Tipo 1 900ml De Milho";11,99;900ml;Spani Atacadista;https://www.spanionline.com.br/produto/14339/oleo-soya-tipo-1-900ml-de-milho;2026-03-22 23:31:11
"óleo de soja";"Óleo Misto de Soja e Oliva Faisão 500ml";11,99;500ml;Atacadão;https://www.atacadao.com.br/oleo-misto-de-soja-e-oliva-faisao-59247-16821/p;2026-03-22 23:31:11
"óleo de soja";"Atum Coqueiro 170g Pedacos Oleo";12,39;170g;Spani Atacadista;https://www.spanionline.com.br/produto/8344/atum-coqueiro-170g-pedacos-oleo;2026-03-22 23:31:11
"óleo de soja";"Óleo Composto Faisão Pet 500ml Tradicional";12,59;500ml;Spani Atacadista;https://www.spanionline.com.br/produto/12038/oleo-composto-faisao-pet-500ml-tradicional;2026-03-22 23:31:11
"óleo de soja";"Molho de Tomate Tradicional Cepêra Mamma d'Oro Sachê 1,7kgcionar";12,90;7kg;Tenda Atacado;https://www.tendaatacado.com.br/produto/molho-de-tomate-tradicional-refogado-mama-doro-1-7kg-3548;2026-03-22 23:31:11
"óleo de soja";"Atum Sólido Gomes Da Costa 170g Óleo";12,99;170g;Spani Atacadista;https://www.spanionline.com.br/produto/2788/atum-solido-gomes-da-costa-170g-oleo;2026-03-22 23:31:11
"óleo de soja";"Shampoo Palmolive Naturals Anticaspa Clássico 350ml";13,90;350ml;Atacadão;https://www.atacadao.com.br/shampoo-palmolive-naturals-anticaspa-classico-28250-21307/p;2026-03-22 23:31:11
"óleo de soja";"Óleo de Milho Soya 900ml";14,59;900ml;Atacadão;https://www.atacadao.com.br/oleo-de-milho-soya-60619-16223/p;2026-03-22 23:31:11
"óleo de soja";"Óleo Composto Faisão Lata 500ml Tradicional";14,69;500ml;Spani Atacadista;https://www.spanionline.com.br/produto/12039/oleo-composto-faisao-lata-500ml-tradicional;2026-03-22 23:31:11
"óleo de soja";"Pão de Forma WickBold do Forno 100% Nutrição 500gcionar";15,50;500g;Tenda Atacado;https://www.tendaatacado.com.br/produto/pao-de-forma-wickbold-do-forno-100-nutricao-500g;2026-03-22 23:31:11
"óleo de soja";"Óleo Composto Tradicional Santa Isabel 500mlpartir de 2 unidadesregras";15,55;500ml;Tenda Atacado;https://www.tendaatacado.com.br/produto/oleo-composto-tradicional-santa-isabel-500ml-27619;2026-03-22 23:31:11
"óleo de soja";"Óleo Especial Salada 900ml Pet Girassol";16,50;900ml;Spani Atacadista;https://www.spanionline.com.br/produto/8348/oleo-especial-salada-900ml-pet-girassol;2026-03-22 23:31:11
"óleo de soja";"Óleo Especial Salada 900ml Pet Canola";16,50;900ml;Spani Atacadista;https://www.spanionline.com.br/produto/8346/oleo-especial-salada-900ml-pet-canola;2026-03-22 23:31:11
"óleo de soja";"Óleo Especial Liza 900ml Pet Milho";16,59;900ml;Spani Atacadista;https://www.spanionline.com.br/produto/1376/oleo-especial-liza-900ml-pet-milho;2026-03-22 23:31:11
"óleo de soja";"Inseticida Aerosol Raid 420ml Multi Insetos Óleo De Eucalipto Embalagem Econômica";16,78;420ml;Spani Atacadista;https://www.spanionline.com.br/produto/12546/inseticida-aerosol-raid-420ml-multi-insetos-oleo-de-eucalipto-embalagem-economica;2026-03-22 23:31:11
"óleo de soja";"Óleo Especial Liza 900ml Pet Girassol";16,79;900ml;Spani Atacadista;https://www.spanionline.com.br/produto/1374/oleo-especial-liza-900ml-pet-girassol;2026-03-22 23:31:11
"óleo de soja";"Óleo Especial Liza 900ml Pet Canola";17,29;900ml;Spani Atacadista;https://www.spanionline.com.br/produto/1373/oleo-especial-liza-900ml-pet-canola;2026-03-22 23:31:11
"óleo de soja";"Óleo Especial Salada 900ml Pet Milho";17,59;900ml;Spani Atacadista;https://www.spanionline.com.br/produto/8347/oleo-especial-salada-900ml-pet-milho;2026-03-22 23:31:11
"óleo de soja";"Azeite Tradicional Gallo Lata 200ml";18,29;200ml;Spani Atacadista;https://www.spanionline.com.br/produto/2809/azeite-tradicional-gallo-lata-200ml;2026-03-22 23:31:11
"óleo de soja";"Óleo Composto Maria Tradicional 500ml Lata";19,69;500ml;Spani Atacadista;https://www.spanionline.com.br/produto/174/oleo-composto-maria-tradicional-500ml-lata;2026-03-22 23:31:11
"óleo de soja";"Maionese Hellmann's 800gpartir de 4 unidadesregras";20,59;800g;Tenda Atacado;https://www.tendaatacado.com.br/produto/maionese-hellmann-s-800g;2026-03-22 23:31:11
"óleo de soja";"Maionese Hellmann s Tradicional 500gr 2 potespartir de 4 unidadesregras";21,90;500g;Tenda Atacado;https://www.tendaatacado.com.br/produto/kit-com-2-maionese-hellmanns-pet-500g;2026-03-22 23:31:11
"óleo de soja";"Shampoo Palmolive Naturals Anticaspa Clássico 650ml";21,90;650ml;Atacadão;https://www.atacadao.com.br/shampoo-palmolive-naturals-anticaspa-classico-87369-21316/p;2026-03-22 23:31:11
"óleo de soja";"Kit Palmolive Kids Shampoo + Cond Abelinha";22,70;und;Atacadão;https://www.atacadao.com.br/;2026-03-22 23:31:11
"óleo de soja";"Azeite Tradicional Gallo Vidro 500ml";24,90;500ml;Spani Atacadista;https://www.spanionline.com.br/produto/2811/azeite-tradicional-gallo-vidro-500ml;2026-03-22 23:31:11
"óleo de soja";"Azeite Extra Virgem Andorinha Vidro 500ml";29,80;500ml;Spani Atacadista;https://www.spanionline.com.br/produto/2794/azeite-extra-virgem-andorinha-vidro-500ml;2026-03-22 23:31:11
"óleo de soja";"Azeite Dende Cepêra 900ml";31,99;900ml;Spani Atacadista;https://www.spanionline.com.br/produto/4931/azeite-dende-cepera-900ml;2026-03-22 23:31:11
"óleo de soja";"Azeite Tradicional Andorinha Vidro 500ml";43,09;500ml;Spani Atacadista;https://www.spanionline.com.br/produto/2808/azeite-tradicional-andorinha-vidro-500ml;2026-03-22 23:31:11
"óleo de soja";"Azeite Tradicional Gallo Lata 500ml";46,39;500ml;Spani Atacadista;https://www.spanionline.com.br/produto/2810/azeite-tradicional-gallo-lata-500ml;2026-03-22 23:31:11
"óleo de soja";"Cesta Básica Prata 11 Itens Tendaduto indisponível";59,90;90 un;Tenda Atacado;https://www.tendaatacado.com.br/produto/cesta-basica-prata-11-itens-tenda;2026-03-22 23:31:11
"óleo de soja";"Chocolate Snickers Dark 20 Unidades de 42gcionar";75,80;20 un;Tenda Atacado;https://www.tendaatacado.com.br/produto/chocolate-snickers-dark-20-unidades-de-42g;2026-03-22 23:31:11
"óleo de soja";"Cesta Básica Ouro 19 itens Tendaduto indisponível";84,90;90 un;Tenda Atacado;https://www.tendaatacado.com.br/produto/cesta-basica-ouro-19-itens-tenda;2026-03-22 23:31:11
"óleo de soja";"Óleo Misto de Soja e Oliva St. Isabel 5,02L";88,40;02l;Atacadão;https://www.atacadao.com.br/oleo-misto-de-soja-e-oliva-st--isabel-pet-com-5-02l-57039-16843/p;2026-03-22 23:31:11
"óleo de soja";"Óleo de Soja Vila Velha 18L";134,98;18l;Atacadão;https://www.atacadao.com.br/oleo-de-soja-vila-velha-60363-16375/p;2026-03-22 23:31:11
"óleo de soja";"Óleo de Soja Vila Velha 18Lcionar";149,90;18l;Tenda Atacado;https://www.tendaatacado.com.br/produto/oleo-de-soja-vila-velha-18l-27548;2026-03-22 23:31:11
"óleo de soja";"Óleo de Soja Refinado Fry Max Soya 14,5kgcionar";149,90;5kg;Tenda Atacado;https://www.tendaatacado.com.br/produto/oleo-de-soja-refinado-fry-max-soya-14-5kg;2026-03-22 23:31:11
"óleo de soja";"Óleo de Algodão Soya 14,5kg";179,98;5kg;Atacadão;https://www.atacadao.com.br/oleo-de-algodao-soya-76056-16096/p;2026-03-22 23:31:11
"óleo de soja";"Gordura Vegetal Fry 400 Coamo 14,5kgcionar";199,90;5kg;Tenda Atacado;https://www.tendaatacado.com.br/produto/gordura-vegetal-fry-400-coamo-14-5kg;2026-03-22 23:31:11
"óleo de soja";"Óleo De Algodão Liza 14.5kg";230,50;5kg;Spani Atacadista;https://www.spanionline.com.br/produto/5086/oleo-de-algodao-liza-145kg;2026-03-22 23:31:11
